id,product_id,bidder_id,max_price,created_at
e52c9c81-73a1-400b-951f-5fad52b23433,9405ef0f-2f13-44eb-a7b1-e8a1509437ea,ac285fd8-a4a1-40ac-8286-c8d6173f057a,3900,11/14/2025
879d9183-141e-483a-84eb-2e734bc05fec,507fca07-2e1d-4b1f-93b7-625ae80843c7,76c91bb9-8fc0-465c-8ec7-5716c05004a8,2482,4/2/2025
5ea02bb5-67fd-4d61-beaf-cb00178768f0,062ec88c-253d-4e0e-8a78-6cfa75db21d4,a155ec1d-c375-47e3-865a-e154f17a3ced,6903,12/23/2024
873dfc6c-9a98-45c6-a2a9-83d5c3224f7b,646d2f1c-1228-4238-a49a-652704c25018,14de0956-48d5-4aac-a4ed-5353150ae13c,2947,2/23/2025
e72ed920-b6fc-46e6-b0d1-8e67c18f0a55,1b6647a9-a75a-4e05-a377-c98c5eccbfc0,ac285fd8-a4a1-40ac-8286-c8d6173f057a,2517,12/24/2024
1dbbc136-f086-41ec-b656-6958efbb98c0,63f16e7b-0b02-4a08-b33a-70c4c015b709,19bbe416-4c3e-4fc7-a43d-a3348f55a09e,1434,9/12/2025
f74e7045-cb83-4d4c-b982-d8d69b8a3bc6,a4f9149e-a8f9-469a-9a7d-d798d5195c37,1b2529fc-0ef1-433b-9d87-a2df61c453fc,3911,3/19/2025
b7a2fe76-7ff6-4a84-ae7d-b6cbe63b7a7e,0a6105e2-1a8b-41d0-a000-12c9b3681436,0ebb62af-f47d-4c9f-a3ac-f41834e0a2b9,1671,3/21/2025
529cd692-b6aa-4e41-a5f1-c516738184b8,79d1773a-dac9-479a-b0f0-c02b388946b8,153ff855-cd4e-41f7-9232-d0d2c3a514a4,6980,12/25/2024
c765ad8e-d5f9-4271-81ca-afe69ee0163d,a4f9149e-a8f9-469a-9a7d-d798d5195c37,0ebb62af-f47d-4c9f-a3ac-f41834e0a2b9,5571,12/14/2024
8eb2a18e-7d1b-41fb-962e-74420c45a385,1c1ee6f3-fbe2-41dc-8bcd-01d9e5b856cb,d3a5488c-25f9-4dad-93b7-df54b25937b8,8524,5/7/2025
2ef1cfcb-23ab-4ace-8778-8a32b0ddccc3,6f0c4513-ddf6-4617-a4b4-deb1208479ad,de332974-fe7a-4fbc-8cfc-7ff5c02b7a02,2318,3/7/2025
b6e1e6a1-18a3-4103-bccd-165c5c502cc4,720c177c-377a-446d-aa3c-bb6d247682a8,19bbe416-4c3e-4fc7-a43d-a3348f55a09e,9029,6/10/2025
32f087b6-298d-41b7-be3f-4366bdd8beed,1583d3b8-078a-4e44-b850-5990cb524823,1b2529fc-0ef1-433b-9d87-a2df61c453fc,4039,2/25/2025
53197ac2-b8e6-4267-8aa3-d5f59afab3b1,38b33fff-9988-418e-b878-009b434a8f0c,76c91bb9-8fc0-465c-8ec7-5716c05004a8,7843,10/26/2025
34a133bb-e060-497c-80d7-9a0ab992db8f,432b49b3-69ed-4b6e-946e-67fe99f4395d,d3a5488c-25f9-4dad-93b7-df54b25937b8,4182,6/16/2025
d2992e49-3006-4b10-917a-e1e2b2dfb8bb,e203deb7-9fd9-45d7-bb6a-4edbd0a939a9,79929588-7af9-4046-a39a-52feee2415e4,3782,2/20/2025
c036004d-b7ca-4838-b789-4e7adbd7a7cb,726aa3eb-6e0c-470f-8c14-45987ae3656d,5fb6ac68-bf51-41a0-a82f-a9a85e494079,2753,9/25/2025
22a1ed06-e48e-40dc-9233-d3b99db92daa,92c3e702-ed61-4a62-8dc8-7c06d8d0adb8,1b2529fc-0ef1-433b-9d87-a2df61c453fc,5401,9/16/2025
81254087-0f12-4028-b6dd-a72e9fff7718,be21eec2-b6d7-4634-b0ae-800ef1eb2817,19bbe416-4c3e-4fc7-a43d-a3348f55a09e,6160,6/9/2025
ad479ff7-528e-4fd4-a89c-66fba4c7c29d,eea2ec37-3f11-481b-bd33-27d29880a4b9,14de0956-48d5-4aac-a4ed-5353150ae13c,6090,5/10/2025
96ec920c-0299-4e5c-b707-c998aa6b77ba,0835d9c7-1090-4ec2-ad68-066ea3899e17,b921a687-1b4f-43a3-9fb6-ad8233b1e9ed,7293,11/19/2025
556959de-3b4d-4958-a00f-419bcb19bb6b,11796208-3356-4117-8007-291b9054654f,5fb6ac68-bf51-41a0-a82f-a9a85e494079,5256,2/22/2025
f0257c84-6173-4f8f-aa78-1378bbc8bb81,9dce88f5-c6ae-476b-a790-25d9bf2a5de1,639f899b-a662-4a29-841e-bb2e7bb1ea8f,2763,3/14/2025
b18dcd16-6442-4e39-8a1b-3323bdb728c7,8cb8899d-40ed-4473-8677-b4aacaaec4d4,a3d7486c-6628-42e7-8a54-f326ba5f6775,5862,5/21/2025
430f7b0a-9c47-4680-9d60-b161a5fd4f41,a745e358-2ba9-4e8b-b8e4-1c8ca6eebe8c,639f899b-a662-4a29-841e-bb2e7bb1ea8f,1781,5/4/2025
dd42b3b3-e888-4096-9a93-88304e4780d9,13c46dc4-832f-4805-82d0-02aaec717f00,639f899b-a662-4a29-841e-bb2e7bb1ea8f,1799,6/9/2025
8c486c5a-dd99-494f-9724-f92e55eda153,ce7e026d-0825-423e-82f0-f6aadad80d76,ac285fd8-a4a1-40ac-8286-c8d6173f057a,3133,1/29/2025
63277def-2631-4422-af57-506eaa091f39,3eb9e753-9c15-4c10-b707-a789c06740b0,b921a687-1b4f-43a3-9fb6-ad8233b1e9ed,2167,12/24/2024
2f66a530-0658-43a7-9a3f-825ecdce259c,9abba02d-a0d8-4dc3-9b37-bac9f608ae05,ac285fd8-a4a1-40ac-8286-c8d6173f057a,3737,6/25/2025
02bcf1cb-a3b9-403e-9271-387306689bea,0a6105e2-1a8b-41d0-a000-12c9b3681436,79929588-7af9-4046-a39a-52feee2415e4,2331,11/18/2025
c026a327-bfd3-4b30-b14d-eca92f37c3a6,96f7fac2-0edd-48d4-8f0e-f9701d30c313,11393531-e33a-4a41-a5d9-518cd668ba71,1790,1/31/2025
edb46a7e-4e90-4ef3-96ba-07ba1eab2d13,50458072-4d51-487a-9598-8b2b8febd67a,76c91bb9-8fc0-465c-8ec7-5716c05004a8,3223,7/13/2025
0aff179a-3894-42f2-b53f-88deddb18890,0ffcf979-ef11-4214-a1d2-cda91761f49a,d3a5488c-25f9-4dad-93b7-df54b25937b8,4893,3/3/2025
8c045dbb-ad6a-4009-a4bc-4c58d5fe141f,b5ac83a0-172a-4e60-b280-bffe680f3bf5,ac285fd8-a4a1-40ac-8286-c8d6173f057a,3130,2/5/2025
70c18fc3-6c1a-4ea8-b01f-20497bbe165d,bc04662a-8895-4966-ba1b-0be5a8ded8bf,ac285fd8-a4a1-40ac-8286-c8d6173f057a,3329,6/1/2025
7ae07398-a0d6-4215-b4cd-fe5bfb8ffcab,80eabc49-bd17-4ab0-87f0-b0991c71b0f3,14de0956-48d5-4aac-a4ed-5353150ae13c,640,11/3/2025
7fd5026f-3a1a-4616-8b80-2a50eff6a44c,88202009-d26e-48a3-b654-3b6743d74bdb,ac285fd8-a4a1-40ac-8286-c8d6173f057a,3401,9/25/2025
a444bd33-3bbb-4ebd-9223-260be7383408,4fe6c49f-787f-4aa8-b54e-d7f9440aa8aa,19bbe416-4c3e-4fc7-a43d-a3348f55a09e,5958,2/17/2025
e0a3870c-c445-49f3-bf28-c514ac8ab020,5de0988e-0341-4786-9713-afea8d83e213,639f899b-a662-4a29-841e-bb2e7bb1ea8f,4336,5/9/2025
00df7cfa-dc30-492d-8678-728fc202c661,61419e9c-ff17-4ab4-8efc-b11aac3000cf,ac285fd8-a4a1-40ac-8286-c8d6173f057a,4988,11/25/2025
bc4e91d6-b46b-4104-bd54-674b0f919265,d1ee9e76-e358-4999-9ef0-b8bad639528b,76c91bb9-8fc0-465c-8ec7-5716c05004a8,4223,6/9/2025
1fcaab97-d5f3-429d-ac0d-4a54a0848532,d0eea1d0-9f63-4103-88cd-c98e1e1c1019,11c14be1-13ce-48a1-bd33-0830cca9c4da,4142,5/6/2025
895538fa-56ff-4929-a1cc-e8ce4699da99,4d235a5a-2d75-4d08-a898-df4c1dec79be,d3a5488c-25f9-4dad-93b7-df54b25937b8,4643,12/3/2025
54424e49-aad5-4d4d-9402-fbb2078b555a,6e8b1f97-deac-44de-8219-6f1e6855a392,1b2529fc-0ef1-433b-9d87-a2df61c453fc,5404,2/17/2025
0bc53c46-720d-4d41-911a-cbc90332d29a,60d88702-94d4-4489-ae2a-049eaaa700e8,76c91bb9-8fc0-465c-8ec7-5716c05004a8,5799,9/9/2025
632ac30f-593f-4bc7-99fe-dc62f1b406f3,2206ae7f-356e-4a69-b793-e3fc310bcadd,11c14be1-13ce-48a1-bd33-0830cca9c4da,5894,7/19/2025
47a730ec-2ccc-4ef8-ae9b-d77d21ca06fd,eb87e509-ea0d-4e03-b4d3-511284c4bf04,a3d7486c-6628-42e7-8a54-f326ba5f6775,4354,3/5/2025
fac2720b-e91b-412e-a1c8-879adccd7468,c3e1f682-e192-4ba3-bc00-aabde16dd361,2cbb0044-f5b8-49fd-929b-9d2ef0526033,9619,10/16/2025
d01902dc-76f2-41fb-8380-1838223e40b8,cf584ea5-7ccb-4052-818e-bb06802ac4a5,11c14be1-13ce-48a1-bd33-0830cca9c4da,7305,4/11/2025
8f8f47bd-828f-481b-b35c-eb9c334deea9,440112be-e373-4141-9ec5-132eddcbab84,153ff855-cd4e-41f7-9232-d0d2c3a514a4,9498,9/24/2025
e1ebbcf2-4a1c-4d98-8b26-8cbe02e2885e,bb813c12-f0f8-491f-aab6-597f9a362e15,a155ec1d-c375-47e3-865a-e154f17a3ced,11275,9/22/2025
6581608a-956c-475b-b623-b611791ce56a,1c1ee6f3-fbe2-41dc-8bcd-01d9e5b856cb,a3d7486c-6628-42e7-8a54-f326ba5f6775,8056,7/6/2025
7ae64de5-b7ee-4943-9b6b-1727f140f70f,c6ee8879-100b-44d0-8fd0-c648f01bd009,de332974-fe7a-4fbc-8cfc-7ff5c02b7a02,12667,8/27/2025
a024a751-b382-40fa-a19e-c5756b8e1028,f987a007-9e58-4402-bed8-18b85f97553c,14de0956-48d5-4aac-a4ed-5353150ae13c,5185,2/28/2025
286f47d9-d79e-4248-b36e-7bd6d804dbc1,f7d51b23-7a1a-4c88-87c5-a9c0c81cad18,a3d7486c-6628-42e7-8a54-f326ba5f6775,4186,4/23/2025
e8e99def-37af-4d8e-b668-8b3ea0996523,143b566c-0ce9-41bc-9c5e-96425d9a9939,6043eaa5-7735-4261-bac1-d7410c96f034,4005,2/8/2025
0df3cc55-223b-44e4-8e80-6971acc8d4dc,53bf425b-f6d9-4e63-9d22-a87d75f28683,d3a5488c-25f9-4dad-93b7-df54b25937b8,3864,3/29/2025
b9d460b2-66a7-432b-9e59-4b83524980b9,6a2a9b68-7145-4a05-ba03-cd364b8624c1,6043eaa5-7735-4261-bac1-d7410c96f034,6847,5/6/2025
34a74076-e46c-4038-b9e9-0cfacd9fa808,fb1720e6-3c49-4d61-8bb2-e33f07174145,2cbb0044-f5b8-49fd-929b-9d2ef0526033,4759,10/21/2025
ca7b796f-6d04-4477-9259-940911cf5c0e,726aa3eb-6e0c-470f-8c14-45987ae3656d,ac285fd8-a4a1-40ac-8286-c8d6173f057a,4064,4/23/2025
c53de309-2dab-4ff4-88eb-54ea9f81bc27,c1b0fe75-b72d-49a3-bd39-ec709f4fdf10,a155ec1d-c375-47e3-865a-e154f17a3ced,5074,9/15/2025
05f70e1f-5777-4a95-9fa8-d968f308d584,a745e358-2ba9-4e8b-b8e4-1c8ca6eebe8c,5fb6ac68-bf51-41a0-a82f-a9a85e494079,4181,5/12/2025
6507112d-f25d-43f7-adf0-e41963bd3793,d0eea1d0-9f63-4103-88cd-c98e1e1c1019,5fb6ac68-bf51-41a0-a82f-a9a85e494079,4526,10/11/2025
7eaeae93-ea90-4786-af2c-42e090e51bb6,bde1b9fc-7ada-4820-9313-69ac4156a271,79929588-7af9-4046-a39a-52feee2415e4,10587,12/27/2024
98406f27-8f5b-4590-ae3a-6808f34ff2df,cd2328dc-5d15-4cab-805c-fdb5319e4c05,a155ec1d-c375-47e3-865a-e154f17a3ced,4771,6/13/2025
4e62f56a-412f-4212-a379-8e12ba0a668d,f7abe0ad-d6e7-4d26-9d78-4557eb7af944,11393531-e33a-4a41-a5d9-518cd668ba71,5865,3/10/2025
819b2078-d93d-40df-81aa-0b8f779c3e42,9b5a428c-3f00-450d-842b-f078f8e2879f,6dee7224-0cd4-405a-a0de-163ee91b0685,6839,12/7/2025
fadd0de8-07f0-464f-bbca-01b5c2b996cc,2206ae7f-356e-4a69-b793-e3fc310bcadd,ac285fd8-a4a1-40ac-8286-c8d6173f057a,5698,1/17/2025
f82221c5-da17-4ff0-a188-246861f30df0,f7d51b23-7a1a-4c88-87c5-a9c0c81cad18,14de0956-48d5-4aac-a4ed-5353150ae13c,4699,4/4/2025
3a8cfa52-763b-4858-9909-017ce0f305fd,5fdf658f-d499-4641-bd7a-d3fff393f1f9,bb62fb14-2fdc-4944-ac60-8a2d933d71aa,4212,7/5/2025
63523764-30c0-47e5-82d6-87ea92a5bb3a,8992be11-8eb7-4df6-bb39-eaf820e6012c,ac285fd8-a4a1-40ac-8286-c8d6173f057a,2070,9/28/2025
81e154ad-3f77-4ed5-a06c-4ae9d2fd2d7c,be21eec2-b6d7-4634-b0ae-800ef1eb2817,79929588-7af9-4046-a39a-52feee2415e4,5821,6/19/2025
19dddde6-0e38-46ed-897b-b20b9b73fd3b,c9d631ef-dd15-4652-be93-5137cadbb7fa,2cbb0044-f5b8-49fd-929b-9d2ef0526033,899,7/24/2025
58565588-01bc-445d-ace1-d2d2c01bf68e,e3c5e405-d9ab-441f-8597-c85cb4530169,6043eaa5-7735-4261-bac1-d7410c96f034,3146,9/23/2025
a8e0f503-f648-4d65-a71e-1268a995effc,a4f9149e-a8f9-469a-9a7d-d798d5195c37,de332974-fe7a-4fbc-8cfc-7ff5c02b7a02,3579,5/4/2025
06bcfcd1-11b8-41ad-b7f6-bd34860cf67f,13f58b05-6783-48d2-8db4-8e1b637ea740,5fb6ac68-bf51-41a0-a82f-a9a85e494079,7670,4/27/2025
40b7bf9e-4937-4dcf-9f40-0515841d80f8,ca8dcc04-94c4-4050-82c6-60f924459d9b,0ebb62af-f47d-4c9f-a3ac-f41834e0a2b9,1813,11/28/2025
2dbb21c1-74c3-4cd3-9e45-2be2af1d53fd,f8b2a9fc-d380-42f1-8ccc-9ecd78589e60,6dee7224-0cd4-405a-a0de-163ee91b0685,3401,6/19/2025
c7c1d849-b5d0-4a0e-a39e-aa232c23f3e3,d9023073-4701-477f-a22c-bd45027b9727,153ff855-cd4e-41f7-9232-d0d2c3a514a4,6881,2/5/2025
6c870ed0-256d-4c05-bfde-ca3b6473bfdd,d0eea1d0-9f63-4103-88cd-c98e1e1c1019,153ff855-cd4e-41f7-9232-d0d2c3a514a4,3182,5/1/2025
0eb2fd4b-1b63-4c4e-80ec-080367775f65,ce421785-6840-47c9-92ab-e7bef07f585b,76c91bb9-8fc0-465c-8ec7-5716c05004a8,6022,3/16/2025
c398c8ce-2d94-496d-8171-8265a67adeac,2206ae7f-356e-4a69-b793-e3fc310bcadd,14de0956-48d5-4aac-a4ed-5353150ae13c,5061,11/1/2025
3eee2828-f82d-405d-8dce-168c21ac54d9,85ceac60-49e8-4b6a-b723-7d8e8a395c85,19bbe416-4c3e-4fc7-a43d-a3348f55a09e,5030,4/8/2025
005afa17-b66e-411c-b7e4-b10bd381c05d,f78aca2d-9159-438c-bc5c-1a5eb475856b,2cbb0044-f5b8-49fd-929b-9d2ef0526033,8195,1/21/2025
52fbe0a4-65be-4a86-8767-1d4bb2b73db0,2e2f3f47-a04b-4400-a750-3b6980f2c147,11393531-e33a-4a41-a5d9-518cd668ba71,1550,8/12/2025
099656a1-452c-45f8-93ac-41d565667f08,79aa8d4e-5b1c-444e-8325-dd9da4acf7d8,a155ec1d-c375-47e3-865a-e154f17a3ced,4034,1/26/2025
139373d1-3e8a-428b-bf94-71d77742b464,e0451fca-acba-4cb6-bfb0-838343a37b39,79929588-7af9-4046-a39a-52feee2415e4,7364,7/8/2025
274f2cad-095f-4ccf-bc89-a7beab9748ad,440112be-e373-4141-9ec5-132eddcbab84,5fb6ac68-bf51-41a0-a82f-a9a85e494079,9099,2/3/2025
341a1869-54b9-42d6-afb9-ac4ff90ff4ca,9c16ccfb-33b0-46e3-a86f-993b9402bd0e,11393531-e33a-4a41-a5d9-518cd668ba71,9737,4/13/2025
34271669-2b5c-4657-bfa2-a44797bf671e,7bb90c0b-968a-4123-bb1b-5090d9b61e1a,2cbb0044-f5b8-49fd-929b-9d2ef0526033,2980,6/16/2025
5ac1074c-3a7b-4861-8f47-20863f606ac1,79d1773a-dac9-479a-b0f0-c02b388946b8,11393531-e33a-4a41-a5d9-518cd668ba71,5569,1/8/2025
cced056f-64b5-4313-8c88-83d47e39da67,283a6912-b3dd-4ba2-b985-aa2a344d2406,a155ec1d-c375-47e3-865a-e154f17a3ced,1261,5/15/2025
11abad55-dee5-4402-b418-b7e7425a7d5f,14629463-c5c8-427f-b01e-4dd039501452,b921a687-1b4f-43a3-9fb6-ad8233b1e9ed,5969,1/5/2025
9f8ec28e-9cb6-43ff-805b-f416b91f6f8a,dd0ef440-2f39-4a72-99ba-40c579617aae,11393531-e33a-4a41-a5d9-518cd668ba71,5344,10/17/2025
49ad0713-2607-4040-ab51-7931281cb6bd,507fca07-2e1d-4b1f-93b7-625ae80843c7,1b2529fc-0ef1-433b-9d87-a2df61c453fc,2086,12/22/2024
05806e80-e60c-4c02-b651-63c21cee46b3,fad0fbd6-1563-4c23-a2b0-22a7bb89baf8,1b2529fc-0ef1-433b-9d87-a2df61c453fc,6531,9/2/2025
c3e75a11-661a-4193-acc1-f82591826b27,0b29a6ac-58e7-48a7-a819-0897bc0814be,d3a5488c-25f9-4dad-93b7-df54b25937b8,3000,7/18/2025
c2eb4835-5bbd-4b79-96dc-67f3d0b824f9,278d30e5-5a38-48ec-a969-726eca022654,b921a687-1b4f-43a3-9fb6-ad8233b1e9ed,9862,2/24/2025
da0bdd1a-a020-40d7-946d-d23584b3912d,e48aa82d-ae66-4347-ba19-11816e60bc79,79929588-7af9-4046-a39a-52feee2415e4,6092,1/14/2025
7a904af3-83a6-41e2-8c3d-7a868dbab546,0835d9c7-1090-4ec2-ad68-066ea3899e17,11c14be1-13ce-48a1-bd33-0830cca9c4da,7293,1/3/2025
2aa71ad9-b0f6-4ac5-8c72-aa7e7d57fe80,a745e358-2ba9-4e8b-b8e4-1c8ca6eebe8c,de332974-fe7a-4fbc-8cfc-7ff5c02b7a02,3797,3/25/2025
34e290e3-2a19-44a2-b24d-05fe8913fdbd,099716d9-56d3-42f1-98c5-fabd8ef8afed,153ff855-cd4e-41f7-9232-d0d2c3a514a4,3911,3/19/2025
32ae3357-7e34-4cfc-80d1-987a3a4bc461,5e9da4ef-41f6-47ff-9ef9-540530e6ffed,79929588-7af9-4046-a39a-52feee2415e4,7493,5/28/2025
094be0a5-18d1-493c-bac6-4b236cd97667,062ec88c-253d-4e0e-8a78-6cfa75db21d4,b921a687-1b4f-43a3-9fb6-ad8233b1e9ed,7803,10/24/2025
b25ff138-0032-4de0-b817-e0b47b333304,3b747f31-38b2-4f11-a550-89cccc2abbdd,2cbb0044-f5b8-49fd-929b-9d2ef0526033,2534,10/22/2025
51b5b681-5752-4e26-9907-bfa24b9cf6cc,099716d9-56d3-42f1-98c5-fabd8ef8afed,6dee7224-0cd4-405a-a0de-163ee91b0685,3820,5/14/2025
394e4eb8-299f-4189-8170-f0d2b17ad21b,6b67e040-258c-4fe1-9078-124e87bf328c,ac285fd8-a4a1-40ac-8286-c8d6173f057a,4128,11/4/2025
b48e340f-d086-41f6-a9e8-aa97c77b4d14,c7d3842e-2e0b-458a-86e5-9735cee1b0ab,b921a687-1b4f-43a3-9fb6-ad8233b1e9ed,1515,10/8/2025
066b26c3-42dc-4eba-a4db-30a1672be302,aeb306cd-24c4-41bb-94f8-ee38f8b0209c,b921a687-1b4f-43a3-9fb6-ad8233b1e9ed,7573,7/1/2025
97946505-9b03-43c3-9d05-349fd0a538ca,3c6e7155-6225-4d58-9e3e-a9d44ff5d99e,11393531-e33a-4a41-a5d9-518cd668ba71,4725,3/26/2025
e340da7b-1a29-44b4-af2c-a06c2d557dde,ccb02aa9-465d-4ca5-9221-b4a9b10226ed,153ff855-cd4e-41f7-9232-d0d2c3a514a4,5847,2/8/2025
86993449-48c6-4b0b-a171-6496c86df1b3,af30445c-1487-4697-a02a-07d3d0ebad3b,14de0956-48d5-4aac-a4ed-5353150ae13c,5621,11/17/2025
de599715-fd64-4a64-a614-d5265469fd6e,3157e8d8-7097-4013-a28d-0a97156dea48,a155ec1d-c375-47e3-865a-e154f17a3ced,5411,5/14/2025
1f9b6c21-1fc2-437e-b7ac-14a167dd3164,5b917e4b-f168-4b2e-acf4-39b3e9fdbc1d,de332974-fe7a-4fbc-8cfc-7ff5c02b7a02,4427,10/3/2025
e52139eb-c810-4394-90f0-95145652cc15,b2294934-5af7-4342-9a8c-8f2aa8b1400b,d3a5488c-25f9-4dad-93b7-df54b25937b8,3121,9/7/2025
2d6b7cfb-ff2e-4e19-99e2-685cc6627c23,915d2220-5d24-4b34-ae82-d018a98520da,0ebb62af-f47d-4c9f-a3ac-f41834e0a2b9,5400,11/17/2025
20bb5a3a-d6a6-472c-ad7d-c9c2b55b58a5,b07cc8c6-a6ca-4180-81fb-7fdcffdefc4d,5fb6ac68-bf51-41a0-a82f-a9a85e494079,2322,1/11/2025
ec8ba55d-094d-458d-a937-f057351be6d9,6a2a9b68-7145-4a05-ba03-cd364b8624c1,14de0956-48d5-4aac-a4ed-5353150ae13c,6467,2/26/2025
f701eaf2-bfe1-41bb-8153-cd534f668f4a,720c177c-377a-446d-aa3c-bb6d247682a8,b921a687-1b4f-43a3-9fb6-ad8233b1e9ed,5029,11/6/2025
cca2ed10-1f66-4bc1-95f5-f9b12727a0f8,80eabc49-bd17-4ab0-87f0-b0991c71b0f3,0ebb62af-f47d-4c9f-a3ac-f41834e0a2b9,490,4/22/2025
5173fa0e-5b93-49ab-8e3f-3ac36e210f32,5032c23c-dca8-4739-9c7b-ed3dd607ffd9,6043eaa5-7735-4261-bac1-d7410c96f034,4877,7/28/2025
33ce53e4-c834-4272-98da-0c0d1a205335,75f34259-41e1-4e2e-9eb5-7de33b1c1285,153ff855-cd4e-41f7-9232-d0d2c3a514a4,8967,10/12/2025
fbc9356b-562d-4483-939d-fbb450b0d9f9,a2dcfcf7-abef-4189-b44f-ecf6e6fafd8a,11c14be1-13ce-48a1-bd33-0830cca9c4da,8289,6/4/2025
6864a31c-ab8d-498e-9542-56b58a2b2f70,ca8dcc04-94c4-4050-82c6-60f924459d9b,76c91bb9-8fc0-465c-8ec7-5716c05004a8,3017,12/14/2024
496322c7-2868-48ff-a90d-bb0db5bd88e2,bfda8209-8532-4f62-a30f-7c17aae54384,de332974-fe7a-4fbc-8cfc-7ff5c02b7a02,10461,8/31/2025
588323cd-dd89-4b68-bb9b-385f3470c37e,e203deb7-9fd9-45d7-bb6a-4edbd0a939a9,11c14be1-13ce-48a1-bd33-0830cca9c4da,4792,3/13/2025
80419587-7b88-4592-8105-030e715f2b8d,6dc27fc9-b2f6-42bb-bc50-a5fe8ce2d886,11393531-e33a-4a41-a5d9-518cd668ba71,5600,4/27/2025
9a861ed6-3ac6-466b-8b17-d3bcc3c6f6a2,9c16ccfb-33b0-46e3-a86f-993b9402bd0e,2cbb0044-f5b8-49fd-929b-9d2ef0526033,5863,2/4/2025
4e9ca84a-5217-427b-9d49-3abaa1da77cd,bc04662a-8895-4966-ba1b-0be5a8ded8bf,a155ec1d-c375-47e3-865a-e154f17a3ced,8901,10/13/2025
14033fd9-700f-400f-ac7b-78a14395b5d3,b2294934-5af7-4342-9a8c-8f2aa8b1400b,1b2529fc-0ef1-433b-9d87-a2df61c453fc,3311,9/2/2025
cb76c306-5507-49ce-a501-710ac57d4d5f,00efa492-be06-4517-bdc1-fef198c8ac2b,11393531-e33a-4a41-a5d9-518cd668ba71,5489,11/12/2025
ec661fe5-63d4-4904-83eb-2404463be72c,7c1dd3d5-c0de-49cc-ae3c-bc8f5e3555c6,79929588-7af9-4046-a39a-52feee2415e4,4235,4/17/2025
8f05aa28-579e-4dc8-9953-acf94d45daf4,d14b4614-0e58-40a6-a1a9-86b3b400de04,0ebb62af-f47d-4c9f-a3ac-f41834e0a2b9,7950,6/4/2025
513c8e65-cdb2-4e83-b04d-ed6a18a236c3,cd2328dc-5d15-4cab-805c-fdb5319e4c05,79929588-7af9-4046-a39a-52feee2415e4,6025,11/11/2025
fba62e4d-80b3-4a95-ae2c-370e44303601,622c0137-c3a1-449c-980a-9122291b481f,d3a5488c-25f9-4dad-93b7-df54b25937b8,6878,5/26/2025
6daf429a-a9be-41ec-8c10-ad776634e5e4,2c5457e9-4abc-4fa6-8790-f4683349b1ab,6043eaa5-7735-4261-bac1-d7410c96f034,3486,3/15/2025
a35c0e2c-7b71-498b-afa6-778f92b7d8a3,86108771-1f6c-4d02-8cea-8395847a371b,a155ec1d-c375-47e3-865a-e154f17a3ced,5477,11/9/2025
e20422ca-d973-48a2-81ac-02b9a790020f,2e6a3d7c-5c24-4e57-94a6-d54a1c73afcc,153ff855-cd4e-41f7-9232-d0d2c3a514a4,5910,7/10/2025
46bf52d9-d133-4ebd-8612-c0a5ef72338f,ce421785-6840-47c9-92ab-e7bef07f585b,bb62fb14-2fdc-4944-ac60-8a2d933d71aa,4856,7/16/2025
72798c52-38b0-46d5-875c-7c795827bf07,d9464c86-e204-4429-8e39-142ebe40fece,bb62fb14-2fdc-4944-ac60-8a2d933d71aa,4981,2/12/2025
1a35cd94-9364-435b-af1a-c68ecf65df6f,e1bfd832-80c0-49b0-bcfd-64734bc031b3,19bbe416-4c3e-4fc7-a43d-a3348f55a09e,4091,9/8/2025
88317be8-c032-4eb9-8cbc-67eeb197e999,c90ee244-2b27-4fa9-9810-3e4ded521f9f,639f899b-a662-4a29-841e-bb2e7bb1ea8f,526,8/7/2025
8184e19a-54c2-4ae5-9f01-eee4cab04e90,dfe6ca02-2cc0-4047-92a2-5862e8fe175a,76c91bb9-8fc0-465c-8ec7-5716c05004a8,5020,8/5/2025
88922a24-48ad-4ce7-b8b2-5de4b2ce1f2d,08c608fb-a738-4f02-bd03-8a7da6dd49bf,153ff855-cd4e-41f7-9232-d0d2c3a514a4,2282,3/24/2025
21406f67-73c4-4ed8-a971-d55868e29cad,f52c1b4f-b2d6-4613-97fc-6e1dbf08ca49,a3d7486c-6628-42e7-8a54-f326ba5f6775,6419,8/3/2025
95f4b5d4-7575-40c1-8d44-b8c3bdca7a16,92c3e702-ed61-4a62-8dc8-7c06d8d0adb8,2cbb0044-f5b8-49fd-929b-9d2ef0526033,8145,4/2/2025
12259726-745f-4ae0-b0fd-b6057ed5f53e,d0eea1d0-9f63-4103-88cd-c98e1e1c1019,79929588-7af9-4046-a39a-52feee2415e4,3182,5/2/2025
c964c356-d3f8-492e-b162-2dd0c82ede04,440112be-e373-4141-9ec5-132eddcbab84,a155ec1d-c375-47e3-865a-e154f17a3ced,9365,4/28/2025
62bc2478-557d-40cd-b96d-78486f6b5116,8cb8899d-40ed-4473-8677-b4aacaaec4d4,79929588-7af9-4046-a39a-52feee2415e4,4190,5/29/2025
a368b55f-e993-49cc-96a4-d53af8ca24a6,458a3bea-8123-4d1d-b6e2-18a959bcd6f3,a3d7486c-6628-42e7-8a54-f326ba5f6775,5211,11/9/2025
e5e5056a-63c1-469f-8c7e-f1f26ab0aa06,d9023073-4701-477f-a22c-bd45027b9727,19bbe416-4c3e-4fc7-a43d-a3348f55a09e,8295,8/4/2025
fd0a464e-e7da-4e33-ab70-1e7164e6988f,d14b4614-0e58-40a6-a1a9-86b3b400de04,0ebb62af-f47d-4c9f-a3ac-f41834e0a2b9,6090,10/2/2025
2ad1f85a-51fe-44cc-9429-e2c0c8b60335,22a0d2b8-da42-4729-b2b4-0739ad40d91c,2cbb0044-f5b8-49fd-929b-9d2ef0526033,3315,10/18/2025
8900fb82-b97a-45bb-b382-009cb8a577c1,5fdf658f-d499-4641-bd7a-d3fff393f1f9,11393531-e33a-4a41-a5d9-518cd668ba71,3772,10/6/2025
1cece23a-780f-4ed1-ac81-3d45720d04a0,aec09536-bdbe-42bc-8d31-b5e4aa76dd60,11393531-e33a-4a41-a5d9-518cd668ba71,5255,5/4/2025
d3c74a3a-51f3-45a0-bfd1-fbbcbd6ae562,83da7500-05d5-4089-b3c3-757d6c6b0bd4,153ff855-cd4e-41f7-9232-d0d2c3a514a4,3819,4/7/2025
55868db9-7800-448b-9001-522d6ce9d13b,9b5a428c-3f00-450d-842b-f078f8e2879f,d3a5488c-25f9-4dad-93b7-df54b25937b8,5279,3/11/2025
f523e64a-d6e6-40a9-8a8a-6d03adf877af,c3386391-9622-4431-aed2-2d28af7c167d,79929588-7af9-4046-a39a-52feee2415e4,4892,8/5/2025
18d1696c-f784-43ca-b011-b18137f16fc3,70c3c2f0-a050-4407-b86b-49b3a1b07f79,a3d7486c-6628-42e7-8a54-f326ba5f6775,3906,7/27/2025
7f71a4d9-7709-4c12-b586-c171bf6b2acc,cfce4e18-87a2-417b-887d-3409955ec1f7,a3d7486c-6628-42e7-8a54-f326ba5f6775,7355,6/24/2025
cfeb6434-715f-428f-b72b-58b10672b166,69da550a-6e79-4128-aadd-2b0ae07b8449,153ff855-cd4e-41f7-9232-d0d2c3a514a4,5362,6/22/2025
4c12427b-81a4-4737-b184-0f75c202bb55,eb87e509-ea0d-4e03-b4d3-511284c4bf04,a155ec1d-c375-47e3-865a-e154f17a3ced,6181,6/29/2025
499d7fa0-1a69-4ed6-a4e7-a13367d67a0e,52316181-7811-43af-9f56-71076c53d456,0ebb62af-f47d-4c9f-a3ac-f41834e0a2b9,7172,2/9/2025
0ec2c631-6146-46ac-a42c-445811f28238,d8d14d24-cab1-4fe8-b800-daf8b3f3afd3,2cbb0044-f5b8-49fd-929b-9d2ef0526033,6880,12/21/2024
957d1cef-a8c1-40d6-ac06-f3fe85ea621c,8ecf4e7e-d193-4d59-beea-2d2599df0160,2cbb0044-f5b8-49fd-929b-9d2ef0526033,3148,8/11/2025
78735ebe-2e76-41db-a629-65972aa0a7c6,60396896-8b1e-49d3-8b24-820e03241214,14de0956-48d5-4aac-a4ed-5353150ae13c,5813,9/23/2025
3f1bbaa0-c5fc-4b99-ad99-b3fc07aa35ec,bc5c6c24-f89e-4a57-8769-7e4d26ad4b44,11c14be1-13ce-48a1-bd33-0830cca9c4da,6422,2/23/2025
b23e4720-18b1-4f62-80d8-09d8d50ab575,4d235a5a-2d75-4d08-a898-df4c1dec79be,14de0956-48d5-4aac-a4ed-5353150ae13c,4419,12/9/2024
ba32b55e-48c3-47d7-bcee-2854d3a24756,61419e9c-ff17-4ab4-8efc-b11aac3000cf,19bbe416-4c3e-4fc7-a43d-a3348f55a09e,4988,6/23/2025
aa73e669-4dca-4141-9375-fa9ae6595d6b,a745e358-2ba9-4e8b-b8e4-1c8ca6eebe8c,d3a5488c-25f9-4dad-93b7-df54b25937b8,2741,6/27/2025
b52064ef-0b50-4942-b830-f7d3873a8a20,7bb90c0b-968a-4123-bb1b-5090d9b61e1a,153ff855-cd4e-41f7-9232-d0d2c3a514a4,1650,10/16/2025
d1839a9f-c6b9-4a50-8681-ec55384cd41a,c86e8d9d-b142-45ca-bee1-ec271d6d4f69,639f899b-a662-4a29-841e-bb2e7bb1ea8f,5862,11/11/2025
2de8fb8c-41f3-49c2-810a-e85a9c88eaab,a2dcfcf7-abef-4189-b44f-ecf6e6fafd8a,d3a5488c-25f9-4dad-93b7-df54b25937b8,5302,4/15/2025
0115a568-ccc6-4768-984e-047c4544c014,9c16ccfb-33b0-46e3-a86f-993b9402bd0e,79929588-7af9-4046-a39a-52feee2415e4,7651,8/4/2025
7a0441e2-b417-45c7-9ffd-2e41980cdbfd,d9464c86-e204-4429-8e39-142ebe40fece,153ff855-cd4e-41f7-9232-d0d2c3a514a4,4720,1/29/2025
b9cca88b-0012-42d5-a645-50d314be196b,36ade365-7108-42ba-b913-eab33bd8682c,2cbb0044-f5b8-49fd-929b-9d2ef0526033,5609,6/9/2025
ac5d1692-1159-49f0-8737-0c2f035334eb,ade40b23-223b-4146-9293-2890b97fe705,19bbe416-4c3e-4fc7-a43d-a3348f55a09e,4493,6/29/2025
3da57d94-cf87-4e70-872b-b38ca4db57b4,c665f900-bfca-4c85-a26f-fe4bfd5368e0,11393531-e33a-4a41-a5d9-518cd668ba71,4570,1/4/2025
2f0925fb-f57b-4a38-9f99-0be82854fb55,a2dcfcf7-abef-4189-b44f-ecf6e6fafd8a,ac285fd8-a4a1-40ac-8286-c8d6173f057a,6332,10/1/2025
f741a6fd-568f-4006-99c7-b4560d66f9f2,e203deb7-9fd9-45d7-bb6a-4edbd0a939a9,5fb6ac68-bf51-41a0-a82f-a9a85e494079,5903,2/26/2025
b48ea5b9-8bca-4438-a9f8-97e9cd2e589d,2c5457e9-4abc-4fa6-8790-f4683349b1ab,ac285fd8-a4a1-40ac-8286-c8d6173f057a,3555,11/17/2025
01b1cd20-7ee1-4414-b0ae-944acac0c4e5,6f0c4513-ddf6-4617-a4b4-deb1208479ad,76c91bb9-8fc0-465c-8ec7-5716c05004a8,2857,9/6/2025
7db57aaf-db01-48de-af63-8429c0d8e8eb,5032c23c-dca8-4739-9c7b-ed3dd607ffd9,de332974-fe7a-4fbc-8cfc-7ff5c02b7a02,4951,3/12/2025
cf99e7eb-efd7-449d-bd15-ae04f0a4b6e6,0b5926a6-748b-4c67-944b-43e7b91cc787,bb62fb14-2fdc-4944-ac60-8a2d933d71aa,4036,4/23/2025
3dd62321-e398-410b-ad2c-b8356d493afe,8b146d98-0297-4a54-9c61-4900337cf80c,d3a5488c-25f9-4dad-93b7-df54b25937b8,5121,2/17/2025
0c1697e7-8d02-4ee3-b4ca-29c9762313ac,430f70b9-2946-463a-833b-3dc97095f8ab,ac285fd8-a4a1-40ac-8286-c8d6173f057a,2880,9/29/2025
8614b69c-0eaf-4b2c-9964-b4fe5d6b5d2d,ef07e896-6993-44cb-ae9f-f56cfefebe2c,de332974-fe7a-4fbc-8cfc-7ff5c02b7a02,7420,2/26/2025
79d59ca7-79a8-4c4d-9a5d-580749804685,e55892b0-bec7-4e3d-9d7b-60c8757f9b64,bb62fb14-2fdc-4944-ac60-8a2d933d71aa,3029,11/9/2025
ee1dc1d9-4a72-4def-adbe-b218a8fc2f28,00436ff2-35da-4128-95c6-b51528ed5a43,b921a687-1b4f-43a3-9fb6-ad8233b1e9ed,3325,6/23/2025
7f4b449f-98cb-4ae7-b7be-ced7f7c3c579,9405ef0f-2f13-44eb-a7b1-e8a1509437ea,ac285fd8-a4a1-40ac-8286-c8d6173f057a,3610,11/17/2025
1d532f67-af23-4c45-b818-31ae6ec6c2e8,be21eec2-b6d7-4634-b0ae-800ef1eb2817,b921a687-1b4f-43a3-9fb6-ad8233b1e9ed,5256,12/10/2024
4485f030-6e71-48d9-9e76-40aaab8a9f1e,9c5f362e-ac5b-4aba-870c-907f357c5350,1b2529fc-0ef1-433b-9d87-a2df61c453fc,5325,8/26/2025
49e3cacb-5ac1-4222-b71b-e11a2dfbeb94,5c54204e-c17f-40fc-85bc-9ace221c9b34,ac285fd8-a4a1-40ac-8286-c8d6173f057a,7618,10/26/2025
afbb8d86-bf19-4ad2-a1af-5d858f03368b,7f5eb720-42a3-4c01-8a10-81dde6fcba76,6dee7224-0cd4-405a-a0de-163ee91b0685,5651,5/3/2025
7e57eddc-4d44-46f8-840f-657a827763b1,fcccac13-4f2b-4650-aa8f-5e91c2a3ef49,14de0956-48d5-4aac-a4ed-5353150ae13c,4436,11/12/2025
f2e31cda-f6e8-47c0-9d1b-1be2479577e3,8cb8899d-40ed-4473-8677-b4aacaaec4d4,a155ec1d-c375-47e3-865a-e154f17a3ced,5422,1/17/2025
127629a0-01a9-40dc-83c0-8453a5c9117c,defd65dd-0886-4584-b473-0a060c80dc20,a155ec1d-c375-47e3-865a-e154f17a3ced,5964,12/17/2024
c3cfed1d-1c4c-41c5-9660-4c59eaa2e022,fb1720e6-3c49-4d61-8bb2-e33f07174145,79929588-7af9-4046-a39a-52feee2415e4,3807,9/23/2025
03377997-e93d-47d3-9e5d-93e403133828,90f7395a-ddc0-4691-8bb2-82095b03b503,0ebb62af-f47d-4c9f-a3ac-f41834e0a2b9,4641,5/29/2025
adc7a532-1040-4d37-8293-72902462fe72,bc5c6c24-f89e-4a57-8769-7e4d26ad4b44,2cbb0044-f5b8-49fd-929b-9d2ef0526033,3878,3/22/2025
f938b16a-0112-4d31-b76a-20dc5c665f31,8079cca6-6042-4af3-b268-1b84e4dd6d63,a155ec1d-c375-47e3-865a-e154f17a3ced,2383,6/27/2025
a461e7b2-98ca-44c0-a79f-320d7f57bb4a,7f5eb720-42a3-4c01-8a10-81dde6fcba76,11c14be1-13ce-48a1-bd33-0830cca9c4da,6261,7/29/2025
679813e9-2d8b-47b9-8dc7-4a37aa50a011,701e5476-480c-4192-900e-e0a11fb22428,a3d7486c-6628-42e7-8a54-f326ba5f6775,1657,8/6/2025
d423a11a-dc2f-451f-8869-d3872fe7cb5d,13f58b05-6783-48d2-8db4-8e1b637ea740,bb62fb14-2fdc-4944-ac60-8a2d933d71aa,6290,10/15/2025
2b219a46-684e-48ff-9846-e5090de6d0e0,ff0cea40-2887-4292-b02b-fe4c194690ba,153ff855-cd4e-41f7-9232-d0d2c3a514a4,8046,6/8/2025
8fa406e8-fe62-4dcc-aa72-f9bd1130fe8b,80b54cca-851f-46c1-b531-9ba760d64f4e,639f899b-a662-4a29-841e-bb2e7bb1ea8f,5181,3/11/2025
49711dce-67e1-4ca0-9db5-c2b655a147a2,de9e4dbf-d78f-4d4c-b9cc-3f3b147775d8,153ff855-cd4e-41f7-9232-d0d2c3a514a4,5305,8/25/2025
f5c0e509-c675-4deb-b99b-9716e2597248,5b55f3db-de74-45a2-84b8-cd3c6baa6df3,de332974-fe7a-4fbc-8cfc-7ff5c02b7a02,5986,2/20/2025
e6a1ec50-2a69-4f0b-9c50-b9037caa10bd,eb87e509-ea0d-4e03-b4d3-511284c4bf04,6dee7224-0cd4-405a-a0de-163ee91b0685,5572,7/16/2025
21d92c43-85ce-4c3b-b8e7-88f944923601,69da550a-6e79-4128-aadd-2b0ae07b8449,14de0956-48d5-4aac-a4ed-5353150ae13c,6025,1/6/2025
0770356b-0a9b-4818-a15b-d57ac100545b,183ba217-29fc-4543-99e0-9a9eb865003c,a3d7486c-6628-42e7-8a54-f326ba5f6775,8436,10/25/2025
aa614790-63a1-479e-a2db-34cef960b531,701e5476-480c-4192-900e-e0a11fb22428,79929588-7af9-4046-a39a-52feee2415e4,4557,11/14/2025
9432ad6b-5ef5-46ff-8247-c20e7b09e430,a6d19135-43f9-4305-9694-ee22f2b78cb2,bb62fb14-2fdc-4944-ac60-8a2d933d71aa,4398,5/29/2025
ae5049f6-c883-4266-a629-123b295d1779,ac08316f-5656-4f95-b5d1-a779ec1f604f,b921a687-1b4f-43a3-9fb6-ad8233b1e9ed,3606,11/28/2025
9bea1b28-f538-49aa-add1-9bbdb43eb94e,7f5eb720-42a3-4c01-8a10-81dde6fcba76,5fb6ac68-bf51-41a0-a82f-a9a85e494079,5712,11/30/2025
4ea0eeb7-14f8-4756-a4c3-962ac866a8c2,042f817a-9a18-49bd-a129-b12943582863,639f899b-a662-4a29-841e-bb2e7bb1ea8f,9500,7/23/2025
a91708f1-2b41-4133-80f2-b6c8e5360e6f,4f0f3676-67ee-41c6-bb49-57dc42df3a47,5fb6ac68-bf51-41a0-a82f-a9a85e494079,710,2/6/2025
154a44bc-39cd-478a-b00a-b28998805346,3b747f31-38b2-4f11-a550-89cccc2abbdd,de332974-fe7a-4fbc-8cfc-7ff5c02b7a02,2854,12/24/2024
86cfaced-5b83-4db9-bec2-8ce320095249,52b50de2-a6f0-4099-a708-c313dc1c0f88,6043eaa5-7735-4261-bac1-d7410c96f034,4914,11/1/2025
3a0f7239-fcb6-488f-a0ee-4b448c8a1c7c,61419e9c-ff17-4ab4-8efc-b11aac3000cf,ac285fd8-a4a1-40ac-8286-c8d6173f057a,6574,11/29/2025
595f9c62-b9ac-4d47-b639-a6f15883839b,2c5457e9-4abc-4fa6-8790-f4683349b1ab,6043eaa5-7735-4261-bac1-d7410c96f034,5004,6/21/2025
20afe407-f2ce-4cd1-9250-b2437be604bc,9b5a428c-3f00-450d-842b-f078f8e2879f,0ebb62af-f47d-4c9f-a3ac-f41834e0a2b9,10115,8/27/2025
188d2acc-5ff2-4ade-8b30-24aa7d4112a2,5fdf658f-d499-4641-bd7a-d3fff393f1f9,79929588-7af9-4046-a39a-52feee2415e4,2276,12/18/2024
9fecf9cf-ae98-40f1-a23d-96b11ffdf4a5,e203deb7-9fd9-45d7-bb6a-4edbd0a939a9,b921a687-1b4f-43a3-9fb6-ad8233b1e9ed,6004,11/17/2025
90f19e2b-aec5-4f6c-b13f-c1356d2efeab,66aeb1c4-9c0f-4567-bfa8-4012ea147c9f,0ebb62af-f47d-4c9f-a3ac-f41834e0a2b9,8503,7/9/2025
a7650ea5-5490-4e82-84ff-5be87bb6f31f,5fdf658f-d499-4641-bd7a-d3fff393f1f9,1b2529fc-0ef1-433b-9d87-a2df61c453fc,4124,3/16/2025
4bf265e3-e5ac-413b-b458-e1a609225e52,cfce4e18-87a2-417b-887d-3409955ec1f7,de332974-fe7a-4fbc-8cfc-7ff5c02b7a02,7760,11/7/2025
bc8ab00c-da22-455a-8da1-65560bfe67a7,51f71212-f589-43dc-b78f-e075ec1f8d48,14de0956-48d5-4aac-a4ed-5353150ae13c,3159,12/23/2024
0e2430dc-390d-4138-a990-ebf1d88f9f81,451ce112-3e56-4f83-a9f9-60f2a012cdab,bb62fb14-2fdc-4944-ac60-8a2d933d71aa,5601,10/9/2025
f370d025-e3f1-4d95-94ad-93ef7c7b39b2,845294c3-7f76-49f1-b9b4-e6b9d27aac19,6043eaa5-7735-4261-bac1-d7410c96f034,4074,11/25/2025
020f7479-8a2f-4e7e-a598-0f50fd0f6ab9,7bb90c0b-968a-4123-bb1b-5090d9b61e1a,a155ec1d-c375-47e3-865a-e154f17a3ced,4044,3/19/2025
190dc449-f82e-4abe-997c-06e005443eaf,432b49b3-69ed-4b6e-946e-67fe99f4395d,11393531-e33a-4a41-a5d9-518cd668ba71,5968,11/17/2025
479f104d-d594-4674-9a14-c693bcb6583d,6a183826-ff20-4ccf-a946-01304f933960,153ff855-cd4e-41f7-9232-d0d2c3a514a4,4394,2/7/2025
cb49c4b4-0d34-4e0e-8be9-70a33abc8304,f987a007-9e58-4402-bed8-18b85f97553c,0ebb62af-f47d-4c9f-a3ac-f41834e0a2b9,3935,10/19/2025
ccb92b26-13ae-4089-9b63-9e37039b4c87,377f11ef-ef64-465d-a9db-336db32b8c89,5fb6ac68-bf51-41a0-a82f-a9a85e494079,4517,8/8/2025
8ea091d2-a536-485d-a861-2b3ba106fdc7,3c99ed93-bf2e-4b2e-b3fe-3afe74dc6c17,6043eaa5-7735-4261-bac1-d7410c96f034,7004,5/7/2025
a2b13938-01be-4d15-a92d-80de92875e10,8a025000-8b95-46e9-be3a-0cfeb03a80e5,ac285fd8-a4a1-40ac-8286-c8d6173f057a,6711,12/30/2024
3b235cb6-1bd2-496b-8f9e-4b9262eeafe2,69da550a-6e79-4128-aadd-2b0ae07b8449,2cbb0044-f5b8-49fd-929b-9d2ef0526033,5107,1/6/2025
17d3b4b3-3228-459b-82fc-d37571a0f885,9c5f362e-ac5b-4aba-870c-907f357c5350,6043eaa5-7735-4261-bac1-d7410c96f034,8709,5/17/2025
6954b970-9b3c-4cbb-a6a9-2bdbe243699c,8132ca59-ece5-4025-899d-c676025fe43e,2cbb0044-f5b8-49fd-929b-9d2ef0526033,3146,6/18/2025
25902912-edde-4b49-a54b-a2cbd50781d5,7f5eb720-42a3-4c01-8a10-81dde6fcba76,79929588-7af9-4046-a39a-52feee2415e4,4736,6/20/2025
fa1427ba-7591-4b29-a2cc-9632ea5d7c4e,5fdf658f-d499-4641-bd7a-d3fff393f1f9,de332974-fe7a-4fbc-8cfc-7ff5c02b7a02,4388,10/23/2025
83902bf4-bac4-456d-ba61-512b74c7cc6d,0a79c088-2669-4e7f-82bc-19a596ae8ffe,b921a687-1b4f-43a3-9fb6-ad8233b1e9ed,4185,10/16/2025
0e901e9e-95f2-417f-8024-602322d3af1a,7d96d5bc-4e84-406b-902a-85782266591b,5fb6ac68-bf51-41a0-a82f-a9a85e494079,10467,10/14/2025
d92a032a-8d18-44e5-8396-0c863554b8f2,191371f4-a40d-4258-a4fb-8ce592d6102e,11c14be1-13ce-48a1-bd33-0830cca9c4da,3668,12/26/2024
616af89f-3e7a-486d-a920-6cddac711c75,143b566c-0ce9-41bc-9c5e-96425d9a9939,11c14be1-13ce-48a1-bd33-0830cca9c4da,3910,7/20/2025
a27c2758-7d40-4f8a-a890-66cac2e3ccea,ef07e896-6993-44cb-ae9f-f56cfefebe2c,76c91bb9-8fc0-465c-8ec7-5716c05004a8,9304,1/18/2025
2b3694c0-8752-4771-a59d-c5daf6f7abbf,747a457f-c433-411e-8d41-69de22828a79,153ff855-cd4e-41f7-9232-d0d2c3a514a4,2004,7/27/2025
661f3106-f1fb-4b11-a635-4d02e45c86da,ee499f28-702c-4480-9fcb-ae5089c3152b,14de0956-48d5-4aac-a4ed-5353150ae13c,3493,4/26/2025
7783a4c7-f8c2-421f-a0aa-a4416ba51637,f7abe0ad-d6e7-4d26-9d78-4557eb7af944,bb62fb14-2fdc-4944-ac60-8a2d933d71aa,6785,3/12/2025
f5a39dbd-0d48-429f-a9ef-b6d5206dbfa7,d9023073-4701-477f-a22c-bd45027b9727,0ebb62af-f47d-4c9f-a3ac-f41834e0a2b9,7285,12/24/2024
160c92a1-b6b2-4db4-a0c3-189a187ada37,a8728e69-893c-4b00-8d43-a4b0215654b3,b921a687-1b4f-43a3-9fb6-ad8233b1e9ed,6498,11/28/2025
918220df-a3bb-46b2-b77d-56beaaa88074,595e2fbc-4daf-42d7-a3de-17bcb7eb818c,d3a5488c-25f9-4dad-93b7-df54b25937b8,3213,1/4/2025
f3e5c2f3-2257-45b7-b05e-0732b8a2ff60,92c3e702-ed61-4a62-8dc8-7c06d8d0adb8,6043eaa5-7735-4261-bac1-d7410c96f034,7753,5/31/2025
0423af0b-8a91-4f2d-9511-59ffa1b5eb94,52316181-7811-43af-9f56-71076c53d456,a3d7486c-6628-42e7-8a54-f326ba5f6775,7238,8/12/2025
30e70a32-1f66-4fe0-b094-c1dacde83c39,6b67e040-258c-4fe1-9078-124e87bf328c,5fb6ac68-bf51-41a0-a82f-a9a85e494079,6456,12/14/2024
fead893b-d049-46c5-b8af-1ab8dcffd42b,f987a007-9e58-4402-bed8-18b85f97553c,76c91bb9-8fc0-465c-8ec7-5716c05004a8,6310,11/7/2025
ead80ff0-0035-4be8-952a-c6813d4f9065,c6ee8879-100b-44d0-8fd0-c648f01bd009,2cbb0044-f5b8-49fd-929b-9d2ef0526033,9757,5/16/2025
29a837a7-42f0-4038-a71c-902ae97c3a3b,399e6dc2-afb0-42f6-9599-385d3dfbb227,a3d7486c-6628-42e7-8a54-f326ba5f6775,1887,3/29/2025
0f0ab649-2b68-4ecd-be1d-dd94c5343f1b,c249e498-acc6-4fdd-b9cb-cf1bc1802478,0ebb62af-f47d-4c9f-a3ac-f41834e0a2b9,6085,7/27/2025
3f96e2b2-c1db-4ffd-aee8-6c600e3a725a,c94b614d-a82e-431f-a40d-09e3f4d588ac,b921a687-1b4f-43a3-9fb6-ad8233b1e9ed,1852,4/17/2025
8a2efb39-8066-4c0c-a1d8-e694347c79cc,5fdf658f-d499-4641-bd7a-d3fff393f1f9,de332974-fe7a-4fbc-8cfc-7ff5c02b7a02,4916,9/23/2025
6bdf944a-a485-4fa4-a2a2-2dfaaccfbbe3,ef07e896-6993-44cb-ae9f-f56cfefebe2c,153ff855-cd4e-41f7-9232-d0d2c3a514a4,6478,6/12/2025
96616b23-d5bb-4a75-a663-71410faa4fe4,9c5f362e-ac5b-4aba-870c-907f357c5350,a3d7486c-6628-42e7-8a54-f326ba5f6775,7017,7/30/2025
9f906ec5-6536-4093-9c5d-563da5169b45,5ca04ac2-8bdb-4d64-92dc-2d1445500faa,6043eaa5-7735-4261-bac1-d7410c96f034,2096,9/3/2025
34caca18-045a-4dc1-ba4e-a47afae74e4a,595e2fbc-4daf-42d7-a3de-17bcb7eb818c,d3a5488c-25f9-4dad-93b7-df54b25937b8,3357,1/6/2025
bad2f478-31b9-4d44-9fe3-692f6fbfbe29,c3e1f682-e192-4ba3-bc00-aabde16dd361,14de0956-48d5-4aac-a4ed-5353150ae13c,10374,7/26/2025
d90931d7-791d-4123-8b89-bf6e4a170647,f52c1b4f-b2d6-4613-97fc-6e1dbf08ca49,79929588-7af9-4046-a39a-52feee2415e4,8897,7/23/2025
3e0b72a9-364f-4c95-b02b-afbaac938231,31de1d2e-8949-4cab-93b4-81d7c5a0578d,76c91bb9-8fc0-465c-8ec7-5716c05004a8,3420,2/21/2025
f7280dc7-59d2-4800-834d-adab97bafdbd,ce421785-6840-47c9-92ab-e7bef07f585b,0ebb62af-f47d-4c9f-a3ac-f41834e0a2b9,3478,6/29/2025
56fcdc85-8188-48e0-9a66-175cb86150ac,0a6105e2-1a8b-41d0-a000-12c9b3681436,ac285fd8-a4a1-40ac-8286-c8d6173f057a,2271,9/9/2025
e5e86840-c687-4331-87d5-9ce1460884c8,85ceac60-49e8-4b6a-b723-7d8e8a395c85,11c14be1-13ce-48a1-bd33-0830cca9c4da,4982,1/19/2025
b92d8a9d-4c55-4571-99cd-c9f2f49c902b,283a6912-b3dd-4ba2-b985-aa2a344d2406,11393531-e33a-4a41-a5d9-518cd668ba71,1471,3/2/2025
dc463063-fb8f-4355-8020-368c1e6e9368,a2dcfcf7-abef-4189-b44f-ecf6e6fafd8a,a155ec1d-c375-47e3-865a-e154f17a3ced,6641,3/1/2025
ac7e6185-5227-4467-9c46-6ceb8f0feac4,8a025000-8b95-46e9-be3a-0cfeb03a80e5,d3a5488c-25f9-4dad-93b7-df54b25937b8,6343,4/5/2025
cb5e99c2-1241-4b2a-8a50-a2bef066b437,042f817a-9a18-49bd-a129-b12943582863,a3d7486c-6628-42e7-8a54-f326ba5f6775,9220,4/4/2025
41b870a5-86fc-434f-9a6d-c99e109f3bac,bb813c12-f0f8-491f-aab6-597f9a362e15,11c14be1-13ce-48a1-bd33-0830cca9c4da,10285,7/23/2025
08fd365a-408e-4842-a433-48d3929f67ee,458a3bea-8123-4d1d-b6e2-18a959bcd6f3,0ebb62af-f47d-4c9f-a3ac-f41834e0a2b9,4133,6/6/2025
43d89ef2-8655-4768-b725-00e7fd7087d3,9dce88f5-c6ae-476b-a790-25d9bf2a5de1,a155ec1d-c375-47e3-865a-e154f17a3ced,4763,1/30/2025
0f644538-e63a-4928-a359-f6c4d9aef1d6,de9e4dbf-d78f-4d4c-b9cc-3f3b147775d8,153ff855-cd4e-41f7-9232-d0d2c3a514a4,3481,3/1/2025
af38765d-a2ce-4f8d-937b-1543fa3aeea3,53bf425b-f6d9-4e63-9d22-a87d75f28683,d3a5488c-25f9-4dad-93b7-df54b25937b8,3974,6/29/2025
b12c0085-df5c-46a1-98a0-dc32f294c9a2,4f0f3676-67ee-41c6-bb49-57dc42df3a47,6dee7224-0cd4-405a-a0de-163ee91b0685,930,2/21/2025
0c23f8d6-5b20-47ad-aaee-e0488391f430,de9e4dbf-d78f-4d4c-b9cc-3f3b147775d8,14de0956-48d5-4aac-a4ed-5353150ae13c,6361,7/6/2025
faec4a0c-b168-41b6-8a80-ff8ad4bc1382,61419e9c-ff17-4ab4-8efc-b11aac3000cf,bb62fb14-2fdc-4944-ac60-8a2d933d71aa,5476,5/21/2025
aa549bb7-4e1e-41a6-b585-21fbaf9ed74a,70c3c2f0-a050-4407-b86b-49b3a1b07f79,a155ec1d-c375-47e3-865a-e154f17a3ced,6576,8/17/2025
bce3d66f-8df2-4da7-8ae1-b5173199f269,1e81eb39-a411-482c-8727-980a48fabf8e,b921a687-1b4f-43a3-9fb6-ad8233b1e9ed,8049,5/5/2025
8bc121fe-4425-4799-9e15-4c35e951c341,0a6105e2-1a8b-41d0-a000-12c9b3681436,11393531-e33a-4a41-a5d9-518cd668ba71,2811,10/27/2025
a963f8db-fbe7-4607-b19f-8c41bbf22b74,3b747f31-38b2-4f11-a550-89cccc2abbdd,ac285fd8-a4a1-40ac-8286-c8d6173f057a,3094,8/6/2025
13073b15-e01f-41c7-bdf6-9f710ccaee50,d30f5546-8556-41bb-9682-f40d5059b39a,2cbb0044-f5b8-49fd-929b-9d2ef0526033,6517,5/7/2025
8ce8c2bf-fe50-4548-a05d-5b36f2f13bb8,0a6105e2-1a8b-41d0-a000-12c9b3681436,153ff855-cd4e-41f7-9232-d0d2c3a514a4,1971,2/16/2025
24cf8f0d-c1de-44ec-9bed-cce7d3989d6f,1d17f2d9-26d3-4356-85bb-b7675023f008,11c14be1-13ce-48a1-bd33-0830cca9c4da,1980,8/16/2025
62859c05-b1cd-4025-973c-dd4b0c68d79f,af30445c-1487-4697-a02a-07d3d0ebad3b,1b2529fc-0ef1-433b-9d87-a2df61c453fc,6479,7/19/2025
88c41fca-155d-4e19-841e-69f6d3eee0cd,7c1dd3d5-c0de-49cc-ae3c-bc8f5e3555c6,bb62fb14-2fdc-4944-ac60-8a2d933d71aa,4515,2/19/2025
6de15d93-2393-4915-bae8-4a56afae61e6,40152d71-076f-42cf-86b4-84f435e9527c,153ff855-cd4e-41f7-9232-d0d2c3a514a4,1795,5/29/2025
4bf1074c-4c82-44c7-aad5-d12923752bca,458a3bea-8123-4d1d-b6e2-18a959bcd6f3,bb62fb14-2fdc-4944-ac60-8a2d933d71aa,2075,2/6/2025
9f52f4a0-a0c1-4329-b2dd-535b9ceb35b2,de9e4dbf-d78f-4d4c-b9cc-3f3b147775d8,d3a5488c-25f9-4dad-93b7-df54b25937b8,5785,11/14/2025
ac667fdb-d253-472d-b6c6-477792f79bc4,1ea44b80-c6f6-4940-8b5f-d00a3247832b,6dee7224-0cd4-405a-a0de-163ee91b0685,5570,9/21/2025
6009942e-c557-4d4c-9b35-c153eed488c1,1583d3b8-078a-4e44-b850-5990cb524823,11c14be1-13ce-48a1-bd33-0830cca9c4da,4919,7/20/2025
4db910e6-6ea5-4841-a53c-c5111c8ec7fe,c94b614d-a82e-431f-a40d-09e3f4d588ac,ac285fd8-a4a1-40ac-8286-c8d6173f057a,1895,1/29/2025
f70fab1c-1b4e-417d-b682-62775dd3936e,7f9a44d7-3299-4062-8f4f-5e022cc82491,6dee7224-0cd4-405a-a0de-163ee91b0685,3583,3/10/2025
4e8f7414-c440-4edd-b46d-2875347fc5c1,2206ae7f-356e-4a69-b793-e3fc310bcadd,a3d7486c-6628-42e7-8a54-f326ba5f6775,5453,7/10/2025
d44b8f2a-cd6f-42bc-9e67-0866878a15d1,76382d3f-752a-4f6d-a40a-20ef544f69f9,6dee7224-0cd4-405a-a0de-163ee91b0685,4528,12/12/2024
3d1e6e6c-dd55-447a-90ec-298b41f3c479,915d2220-5d24-4b34-ae82-d018a98520da,2cbb0044-f5b8-49fd-929b-9d2ef0526033,4248,9/19/2025
7de46ef3-c467-4fb8-bd83-a25f293a1c22,5b55f3db-de74-45a2-84b8-cd3c6baa6df3,11393531-e33a-4a41-a5d9-518cd668ba71,4066,9/7/2025
498b9402-c543-427d-bdc8-72823ad9f42d,7f5eb720-42a3-4c01-8a10-81dde6fcba76,11393531-e33a-4a41-a5d9-518cd668ba71,4980,6/12/2025
ded77897-d149-4ded-a6b7-901186318166,f78aca2d-9159-438c-bc5c-1a5eb475856b,79929588-7af9-4046-a39a-52feee2415e4,5087,4/24/2025
642f9d47-a9ed-445a-aa6d-fc5abdfb0f5d,6d57e845-fdc9-4f75-ab22-db9fa2d4c935,5fb6ac68-bf51-41a0-a82f-a9a85e494079,5369,6/6/2025
20f4efe8-7d00-4e22-82f9-c9ff12f01208,1b6647a9-a75a-4e05-a377-c98c5eccbfc0,6043eaa5-7735-4261-bac1-d7410c96f034,3343,12/3/2025
d664d7ac-31d0-4b64-977d-4fa2f3dcf606,c86e8d9d-b142-45ca-bee1-ec271d6d4f69,b921a687-1b4f-43a3-9fb6-ad8233b1e9ed,4590,7/23/2025
30a6e08f-2098-4382-8fa0-1495ac304366,8b146d98-0297-4a54-9c61-4900337cf80c,2cbb0044-f5b8-49fd-929b-9d2ef0526033,3478,4/22/2025
d2e4b68f-1578-4f3a-8f86-7cdd9103f4a6,c1b0fe75-b72d-49a3-bd39-ec709f4fdf10,639f899b-a662-4a29-841e-bb2e7bb1ea8f,6152,11/27/2025
87b1d332-f020-439c-a5dc-d10624a36247,66aeb1c4-9c0f-4567-bfa8-4012ea147c9f,ac285fd8-a4a1-40ac-8286-c8d6173f057a,7270,1/24/2025
214d5d2d-397e-4026-bf1c-5ac63e61d004,fc4942ef-63fd-4754-b755-cb5b2fb0822b,0ebb62af-f47d-4c9f-a3ac-f41834e0a2b9,2685,8/11/2025
ccfa7cbc-1df2-4459-b913-680dda642f3a,399e6dc2-afb0-42f6-9599-385d3dfbb227,76c91bb9-8fc0-465c-8ec7-5716c05004a8,1185,1/26/2025
1700591a-89fa-4997-834d-42872982dcb8,8ebfd350-63f6-4bc4-8a58-4d53d5476886,0ebb62af-f47d-4c9f-a3ac-f41834e0a2b9,5986,9/10/2025
144d19b9-e9d1-467a-8541-7c888798758f,00efa492-be06-4517-bdc1-fef198c8ac2b,11393531-e33a-4a41-a5d9-518cd668ba71,7057,3/21/2025
f30bd6a4-02af-4ab0-b60c-14fb1ef0214a,d9023073-4701-477f-a22c-bd45027b9727,6043eaa5-7735-4261-bac1-d7410c96f034,6780,10/19/2025
37bc6392-77aa-4d0c-9ff8-56c3a5861d06,9ec6c897-a18f-4343-a31c-ebda198a8e3a,6dee7224-0cd4-405a-a0de-163ee91b0685,7906,4/1/2025
42531487-5098-45af-8658-eeb4ed9cc02d,fb9a1219-585b-49f8-ab62-a525656a4e9a,d3a5488c-25f9-4dad-93b7-df54b25937b8,5750,7/12/2025
897bef1d-b8e3-49fb-af8a-ac9acc9e120c,dd0ef440-2f39-4a72-99ba-40c579617aae,14de0956-48d5-4aac-a4ed-5353150ae13c,5355,10/15/2025
4649526c-7259-41c3-abaa-f2c866cf8bd4,80b54cca-851f-46c1-b531-9ba760d64f4e,bb62fb14-2fdc-4944-ac60-8a2d933d71aa,8763,12/29/2024
8a990900-009a-49bf-8214-e4958d392135,83c047a1-e0c8-493c-99d3-6c1d27ea680a,19bbe416-4c3e-4fc7-a43d-a3348f55a09e,6475,10/31/2025
37d8433c-3d20-48c4-9637-e88b921fc5aa,42563e56-1f7e-405d-b4f2-30f7ca0e9758,bb62fb14-2fdc-4944-ac60-8a2d933d71aa,3450,5/7/2025
c1fab4ec-df86-4745-959f-fab67fe26750,dfe6ca02-2cc0-4047-92a2-5862e8fe175a,639f899b-a662-4a29-841e-bb2e7bb1ea8f,6398,9/20/2025
dd323374-063f-4feb-af1f-df961e885c12,7d96d5bc-4e84-406b-902a-85782266591b,639f899b-a662-4a29-841e-bb2e7bb1ea8f,9909,10/31/2025
8b2cfbb5-515c-4ac5-8b86-fe2f2bda3e1c,0de6372e-70d7-40da-89fe-c1b0f9528a00,79929588-7af9-4046-a39a-52feee2415e4,6370,1/2/2025
55fda01c-4dca-4ea6-aa28-f2dd447d43e9,5c54204e-c17f-40fc-85bc-9ace221c9b34,639f899b-a662-4a29-841e-bb2e7bb1ea8f,5803,3/13/2025
d3da4afc-3267-4cc5-8fc7-8c7e3b249f8d,7142b4d2-149b-4f07-ab5c-cb7a16e3b778,bb62fb14-2fdc-4944-ac60-8a2d933d71aa,4985,11/16/2025
c36c0fb6-8f7e-4de8-9797-ed93de8ba8e2,9abba02d-a0d8-4dc3-9b37-bac9f608ae05,a155ec1d-c375-47e3-865a-e154f17a3ced,4043,6/13/2025
eb3fbf88-e7c5-45e2-ba58-bc7825ac056d,c86e8d9d-b142-45ca-bee1-ec271d6d4f69,11c14be1-13ce-48a1-bd33-0830cca9c4da,5650,10/27/2025
700cf751-168b-47fa-85f2-0d9ac8d92c1e,fad0fbd6-1563-4c23-a2b0-22a7bb89baf8,11393531-e33a-4a41-a5d9-518cd668ba71,5963,6/25/2025
58f37065-ffc0-450c-ae72-50ab1bb43392,b8bb7830-b80a-4fe3-a7a8-0a95fec9e894,79929588-7af9-4046-a39a-52feee2415e4,3009,12/30/2024
006ebfe3-f482-4bc2-8ebb-aa233d4f69c9,0835d9c7-1090-4ec2-ad68-066ea3899e17,2cbb0044-f5b8-49fd-929b-9d2ef0526033,9153,1/25/2025
e2dd5a6b-d2e7-4846-b9d8-7576d9ce0fce,7bb90c0b-968a-4123-bb1b-5090d9b61e1a,a155ec1d-c375-47e3-865a-e154f17a3ced,3512,7/12/2025
373ef020-e16d-41f6-9bd8-628ac64d1748,e0451fca-acba-4cb6-bfb0-838343a37b39,153ff855-cd4e-41f7-9232-d0d2c3a514a4,5726,6/15/2025
970a5021-c11a-44d0-9ad8-48e888fd05a8,a4f9149e-a8f9-469a-9a7d-d798d5195c37,76c91bb9-8fc0-465c-8ec7-5716c05004a8,4575,5/5/2025
84d5951c-6d2c-4fa9-b74f-445eff2c2d1a,5b55f3db-de74-45a2-84b8-cd3c6baa6df3,153ff855-cd4e-41f7-9232-d0d2c3a514a4,3946,4/26/2025
b3afd085-b374-4414-91d5-ceb93d31d264,72fd04e6-f4bb-43f2-8198-35147973b8bc,2cbb0044-f5b8-49fd-929b-9d2ef0526033,3926,2/20/2025
84a95a53-be70-476b-947c-7022ffe65cfe,839929d0-5870-4759-866e-dcff302ae8c8,0ebb62af-f47d-4c9f-a3ac-f41834e0a2b9,4886,2/9/2025
066d4be8-3a4a-4e23-bc75-0bd404687a82,8ebfd350-63f6-4bc4-8a58-4d53d5476886,2cbb0044-f5b8-49fd-929b-9d2ef0526033,5596,2/4/2025
33583419-8e57-4f32-8f13-9e2f56a0dc3d,3e9e15ca-d504-4862-b27e-556606eb1fbc,2cbb0044-f5b8-49fd-929b-9d2ef0526033,6007,3/16/2025
7ad1d59d-b838-4459-8e46-76ce15e49f35,b367ec86-5d48-4517-9596-b7328d1cd355,a155ec1d-c375-47e3-865a-e154f17a3ced,3814,12/18/2024
2e1b89bb-0c95-4171-ad8e-e7dcabb76b08,5b55f3db-de74-45a2-84b8-cd3c6baa6df3,2cbb0044-f5b8-49fd-929b-9d2ef0526033,4906,4/18/2025
fb0382ae-2df8-4410-b48e-0f2336fc27be,8cb8899d-40ed-4473-8677-b4aacaaec4d4,a3d7486c-6628-42e7-8a54-f326ba5f6775,6214,6/29/2025
f957e571-7282-4446-a52d-30f2df41f480,1bc6d7b0-35c1-42ad-90e8-e16989ba7345,bb62fb14-2fdc-4944-ac60-8a2d933d71aa,7379,4/29/2025
d81308bb-d592-46d4-b57b-1597254824b4,96f7fac2-0edd-48d4-8f0e-f9701d30c313,153ff855-cd4e-41f7-9232-d0d2c3a514a4,2030,8/7/2025
8d58d84c-8b1c-49d7-b7ca-b1f1f5df5f3e,52b50de2-a6f0-4099-a708-c313dc1c0f88,5fb6ac68-bf51-41a0-a82f-a9a85e494079,5508,11/4/2025
250dbfdc-ebf4-43ce-a81f-7e17fcdc00a5,93882a3d-f113-454e-a881-e61d02c47748,153ff855-cd4e-41f7-9232-d0d2c3a514a4,2011,4/22/2025
c5abfa9e-05af-4576-8645-da7e298abfb7,eea2ec37-3f11-481b-bd33-27d29880a4b9,11393531-e33a-4a41-a5d9-518cd668ba71,9586,7/23/2025
83067726-4094-4d5c-950f-ecf1cfd359e2,eb87e509-ea0d-4e03-b4d3-511284c4bf04,6dee7224-0cd4-405a-a0de-163ee91b0685,4702,8/14/2025
2faff58a-aa83-463e-a5ab-31cdf477ff05,eea2ec37-3f11-481b-bd33-27d29880a4b9,0ebb62af-f47d-4c9f-a3ac-f41834e0a2b9,8666,10/28/2025
60a420fb-c009-4fd4-9a9f-37a5a118ff62,b07cc8c6-a6ca-4180-81fb-7fdcffdefc4d,6dee7224-0cd4-405a-a0de-163ee91b0685,2882,11/6/2025
26889b4d-c0bd-4530-b4e2-215af411d08b,62e66c3a-fa44-42c2-9c56-5365da07db84,6043eaa5-7735-4261-bac1-d7410c96f034,5266,1/28/2025
b129c2c2-58a3-47f6-bd00-6c0df7d21399,ce421785-6840-47c9-92ab-e7bef07f585b,6dee7224-0cd4-405a-a0de-163ee91b0685,4962,2/20/2025
b2c504c2-173c-44d4-ab11-cd9c9d4fbf90,66aeb1c4-9c0f-4567-bfa8-4012ea147c9f,bb62fb14-2fdc-4944-ac60-8a2d933d71aa,6037,3/8/2025
f0f993aa-bad6-4ea7-859f-a983f5606a41,1f66795e-2576-44dd-bc7c-f4bc7f0b5b3a,19bbe416-4c3e-4fc7-a43d-a3348f55a09e,10992,8/27/2025
8f73fcaf-b7a2-406c-9e31-3298fc068c70,07076644-341d-4129-9645-d6555f955166,11393531-e33a-4a41-a5d9-518cd668ba71,11787,12/9/2024
76235bce-f7e0-490a-9ae8-ce51f28a8df8,fc4942ef-63fd-4754-b755-cb5b2fb0822b,6dee7224-0cd4-405a-a0de-163ee91b0685,2321,10/12/2025
7128f819-39a3-434d-be0b-f8f098505bed,135f3f04-a540-4a30-93e3-c7113cfd8525,14de0956-48d5-4aac-a4ed-5353150ae13c,3799,3/7/2025
53b1ac85-43a6-4693-874a-308216acd617,1b6647a9-a75a-4e05-a377-c98c5eccbfc0,a3d7486c-6628-42e7-8a54-f326ba5f6775,4051,9/16/2025
d109c036-ef3f-4855-a3d0-5fdf607e9433,0835d9c7-1090-4ec2-ad68-066ea3899e17,bb62fb14-2fdc-4944-ac60-8a2d933d71aa,9153,6/7/2025
cd8d718c-e677-4b10-b0a6-be9a7bbd0790,1b6647a9-a75a-4e05-a377-c98c5eccbfc0,639f899b-a662-4a29-841e-bb2e7bb1ea8f,6175,7/16/2025
d279c87c-a6e0-4a2d-8da0-230399d2aa28,5ca04ac2-8bdb-4d64-92dc-2d1445500faa,14de0956-48d5-4aac-a4ed-5353150ae13c,2074,6/22/2025
86705150-ce83-4e3b-ac94-c1274404f183,6e8b1f97-deac-44de-8219-6f1e6855a392,153ff855-cd4e-41f7-9232-d0d2c3a514a4,4474,1/15/2025
1d837859-2fa1-4b31-a09e-ec8da2c57553,866632e2-92f5-4a6e-9cbe-85ad4ca08289,76c91bb9-8fc0-465c-8ec7-5716c05004a8,4845,6/15/2025
49d9166f-f2ce-40a0-91ea-16a4d931bf3d,377f11ef-ef64-465d-a9db-336db32b8c89,11c14be1-13ce-48a1-bd33-0830cca9c4da,5132,11/29/2025
d8da0c8b-bbbd-4db4-81d0-f24a85a90402,85ceac60-49e8-4b6a-b723-7d8e8a395c85,6dee7224-0cd4-405a-a0de-163ee91b0685,5990,1/31/2025
24f75197-8e67-4184-9ced-b37fb1a3e3ea,3157e8d8-7097-4013-a28d-0a97156dea48,d3a5488c-25f9-4dad-93b7-df54b25937b8,6929,12/29/2024
5827ccc8-ce29-4932-87a0-1bd9dcd50d67,30d62126-a0f7-4ed3-ae04-e6ce84fe1698,6043eaa5-7735-4261-bac1-d7410c96f034,3997,12/12/2024
33b03589-0c22-492a-9c49-31868fe90ba7,72fd04e6-f4bb-43f2-8198-35147973b8bc,11c14be1-13ce-48a1-bd33-0830cca9c4da,5654,1/11/2025
f3cd2034-3f9e-4f5e-b627-6a6239203060,8ecf4e7e-d193-4d59-beea-2d2599df0160,14de0956-48d5-4aac-a4ed-5353150ae13c,4712,11/4/2025
6584eb76-638f-4050-86f5-8df08035c21d,bc04662a-8895-4966-ba1b-0be5a8ded8bf,14de0956-48d5-4aac-a4ed-5353150ae13c,7906,6/14/2025
6bbab224-0a50-4e60-8502-bf1e9a992ea7,51f71212-f589-43dc-b78f-e075ec1f8d48,11c14be1-13ce-48a1-bd33-0830cca9c4da,1685,12/23/2024
ae0624e0-1dc5-4e69-87d4-32566c3bbd67,a5dcda14-77a3-4d71-9fcb-4dfa50cbb575,6043eaa5-7735-4261-bac1-d7410c96f034,5580,9/7/2025
0c3fc259-c06b-4791-b28c-681be6bdb872,52316181-7811-43af-9f56-71076c53d456,2cbb0044-f5b8-49fd-929b-9d2ef0526033,6446,1/21/2025
544845ea-4eb7-432e-9391-9414235089cf,1103feca-e936-438c-a2e8-dcd00e361683,11c14be1-13ce-48a1-bd33-0830cca9c4da,5973,6/3/2025
b338e27b-d19f-4276-8d06-6e701de4367f,622c0137-c3a1-449c-980a-9122291b481f,0ebb62af-f47d-4c9f-a3ac-f41834e0a2b9,4512,11/10/2025
1829731f-dce7-4e61-9cbe-e7543a52aaf1,ce421785-6840-47c9-92ab-e7bef07f585b,639f899b-a662-4a29-841e-bb2e7bb1ea8f,3796,5/13/2025
22f4cfc3-17d8-436d-baca-996e0252aee4,ade40b23-223b-4146-9293-2890b97fe705,0ebb62af-f47d-4c9f-a3ac-f41834e0a2b9,4277,12/18/2024
3a00b8ea-0ea7-46dd-bf39-a6ae55fec356,36ade365-7108-42ba-b913-eab33bd8682c,639f899b-a662-4a29-841e-bb2e7bb1ea8f,6039,9/19/2025
13ce181a-7db5-4bb0-9295-1587a989e0e2,94dca304-aa16-4114-9967-5dfb13cd24d7,6043eaa5-7735-4261-bac1-d7410c96f034,1393,11/17/2025
8249fed2-3470-44d6-858f-a87ecd0cd92a,a5dcda14-77a3-4d71-9fcb-4dfa50cbb575,de332974-fe7a-4fbc-8cfc-7ff5c02b7a02,4740,11/1/2025
15b31e92-b104-4571-ac6f-68d355cfcab7,51236176-6b61-45ea-905d-bc8e74559431,de332974-fe7a-4fbc-8cfc-7ff5c02b7a02,5043,10/11/2025
708598c7-8077-4133-ade7-8bf6a36338ec,e0451fca-acba-4cb6-bfb0-838343a37b39,2cbb0044-f5b8-49fd-929b-9d2ef0526033,8498,12/7/2025
aee8c6a1-2d63-428f-82d7-ffbb4841a6c3,1b6647a9-a75a-4e05-a377-c98c5eccbfc0,6dee7224-0cd4-405a-a0de-163ee91b0685,2635,8/8/2025
93912472-9aaa-4528-a869-31df7fd66fc4,866632e2-92f5-4a6e-9cbe-85ad4ca08289,639f899b-a662-4a29-841e-bb2e7bb1ea8f,3465,2/18/2025
b9d96138-a202-4c50-9ccf-a0201cf8971d,1ea44b80-c6f6-4940-8b5f-d00a3247832b,bb62fb14-2fdc-4944-ac60-8a2d933d71aa,9980,3/10/2025
cab916a9-8582-4035-8085-0d5ef87d4cf7,59b4dc83-7436-4c9f-a90a-2d0248f7e170,de332974-fe7a-4fbc-8cfc-7ff5c02b7a02,6176,12/15/2024
b6735b09-b81c-455a-8e19-0fedecc0cb1a,ea1764e1-2dc6-41d6-ae40-ac97cbd0b9cc,11393531-e33a-4a41-a5d9-518cd668ba71,6990,4/25/2025
73ea94f6-9b81-4f72-b22c-66a80d3dfecb,7d96d5bc-4e84-406b-902a-85782266591b,79929588-7af9-4046-a39a-52feee2415e4,8421,7/15/2025
3722fbd0-7019-4f27-b04b-392b347b5696,726aa3eb-6e0c-470f-8c14-45987ae3656d,de332974-fe7a-4fbc-8cfc-7ff5c02b7a02,3095,12/6/2025
5152c7cf-9ff5-48eb-8367-52d5ba774e28,98ad6824-d212-4b15-8115-92ed3417f859,a155ec1d-c375-47e3-865a-e154f17a3ced,5380,5/14/2025
852e1f12-ec47-4eb1-86c6-c2ead65d9b62,3a77e105-2633-41b3-90ec-9c9daed96ea3,76c91bb9-8fc0-465c-8ec7-5716c05004a8,2947,4/6/2025
ab1279c0-f045-47de-84e4-6b0344839a38,fb9a1219-585b-49f8-ab62-a525656a4e9a,6dee7224-0cd4-405a-a0de-163ee91b0685,4778,3/6/2025
45fc65ef-6cb3-4488-9640-9ddee367c357,fa29db71-ad34-4388-b517-5c8c274c835a,76c91bb9-8fc0-465c-8ec7-5716c05004a8,4794,8/30/2025
594d173e-5fdf-46d2-971f-43f5555c3228,dfe6ca02-2cc0-4047-92a2-5862e8fe175a,2cbb0044-f5b8-49fd-929b-9d2ef0526033,7140,4/24/2025
0a24a60a-d88d-4203-a0c3-8dddd934f387,08c608fb-a738-4f02-bd03-8a7da6dd49bf,11c14be1-13ce-48a1-bd33-0830cca9c4da,2640,1/25/2025
f0dbe670-6704-435f-a940-f38f2d04714e,ea1764e1-2dc6-41d6-ae40-ac97cbd0b9cc,19bbe416-4c3e-4fc7-a43d-a3348f55a09e,9730,10/24/2025
271150d6-5bca-4eae-827f-f8a3ca487dc9,c1958b37-9a78-4a88-a4e0-7e5d1a72a0cb,5fb6ac68-bf51-41a0-a82f-a9a85e494079,4120,12/23/2024
3717000a-181a-4e78-b88d-03c62a5001f4,f26bfb8a-e0ac-4586-9505-a8c581e578ab,14de0956-48d5-4aac-a4ed-5353150ae13c,2491,1/31/2025
7cb1b056-1d0b-4cd2-bdb6-7605614173a0,84b772cc-759e-45df-b8eb-b3f9cf15d29a,11c14be1-13ce-48a1-bd33-0830cca9c4da,3939,3/15/2025
d974e787-d5e1-4099-a657-3b1e684eca24,0835d9c7-1090-4ec2-ad68-066ea3899e17,0ebb62af-f47d-4c9f-a3ac-f41834e0a2b9,8905,7/2/2025
1231e3cd-1e6a-4451-b118-695ed4a99f4d,93882a3d-f113-454e-a881-e61d02c47748,153ff855-cd4e-41f7-9232-d0d2c3a514a4,2011,12/16/2024
7df0b522-7ff0-4721-9602-7050a3f03a6e,6dc27fc9-b2f6-42bb-bc50-a5fe8ce2d886,d3a5488c-25f9-4dad-93b7-df54b25937b8,5600,10/7/2025
69214e60-66de-4cc8-a4b7-45ff40894047,bfda8209-8532-4f62-a30f-7c17aae54384,bb62fb14-2fdc-4944-ac60-8a2d933d71aa,8925,11/6/2025
9293f01a-7d07-4f8e-9e8b-ac38ebb832c8,86108771-1f6c-4d02-8cea-8395847a371b,11c14be1-13ce-48a1-bd33-0830cca9c4da,5477,8/4/2025
23cad314-d005-42af-b4ea-d6c3abf7e9e4,3093268e-1a7d-4beb-a982-3b4a25a489af,79929588-7af9-4046-a39a-52feee2415e4,2001,3/24/2025
ea235f38-75e5-43a9-b543-4f53064c1f1f,13c46dc4-832f-4805-82d0-02aaec717f00,19bbe416-4c3e-4fc7-a43d-a3348f55a09e,2759,11/22/2025
9e4867f0-f2cb-4217-92dd-269411993f3c,b5ac83a0-172a-4e60-b280-bffe680f3bf5,639f899b-a662-4a29-841e-bb2e7bb1ea8f,4670,1/16/2025
3dfe01fc-a6af-4981-a9fc-50fb3a6dbc46,11796208-3356-4117-8007-291b9054654f,11c14be1-13ce-48a1-bd33-0830cca9c4da,8232,10/18/2025
df3cbf6e-52f3-45b5-9814-d59a0998ed0f,69da550a-6e79-4128-aadd-2b0ae07b8449,11c14be1-13ce-48a1-bd33-0830cca9c4da,4750,11/13/2025
652f9131-e1cf-42b5-a8fa-7b2bbeef0a64,1e70ee2d-b768-4781-938b-e819dac11fc0,79929588-7af9-4046-a39a-52feee2415e4,2286,12/13/2024
65548e5b-c294-4d0f-869f-7a135c01fb93,8206e661-0076-4100-ab8e-87209186a81f,a3d7486c-6628-42e7-8a54-f326ba5f6775,1320,4/11/2025
b5cd3ddd-20c7-4627-95b2-16e6c6223e90,726aa3eb-6e0c-470f-8c14-45987ae3656d,14de0956-48d5-4aac-a4ed-5353150ae13c,2525,6/10/2025
1e762b59-db5b-4c6c-b1c1-f531cf5bf95d,98ad6824-d212-4b15-8115-92ed3417f859,2cbb0044-f5b8-49fd-929b-9d2ef0526033,5192,3/13/2025
87e501ed-8ea4-458c-9db9-f55785f653e0,1103feca-e936-438c-a2e8-dcd00e361683,639f899b-a662-4a29-841e-bb2e7bb1ea8f,2391,8/16/2025
a70e5b4c-60fe-4e4c-b06c-727a294f3f68,56c45ba8-4f18-405e-b05c-daa2437c0607,de332974-fe7a-4fbc-8cfc-7ff5c02b7a02,8068,7/7/2025
be9f56b7-1854-465e-b0a9-4d9dd117959c,107e2c54-7e12-44f1-8ee0-b66a8d831525,a155ec1d-c375-47e3-865a-e154f17a3ced,5299,4/20/2025
941e56ce-03b5-41f2-ab95-4bfa7f6ec548,e1bfd832-80c0-49b0-bcfd-64734bc031b3,1b2529fc-0ef1-433b-9d87-a2df61c453fc,6907,2/25/2025
46ff5774-15bd-490b-a110-d8f31ca2e2ce,d9464c86-e204-4429-8e39-142ebe40fece,a155ec1d-c375-47e3-865a-e154f17a3ced,5648,11/10/2025
88b5fb7c-c85a-435d-a366-88b7b32f1892,13f58b05-6783-48d2-8db4-8e1b637ea740,5fb6ac68-bf51-41a0-a82f-a9a85e494079,8360,2/1/2025
e4a0f3d5-7f2f-4712-b96c-8cdd59135c1e,107e2c54-7e12-44f1-8ee0-b66a8d831525,6043eaa5-7735-4261-bac1-d7410c96f034,5893,12/25/2024
80b45517-275c-4ff8-9936-cd02a93ce4e3,95f88149-893d-4c20-bb97-9bf443f71739,19bbe416-4c3e-4fc7-a43d-a3348f55a09e,2045,12/11/2024
bc04ab92-88e1-4e6c-b0a1-40e16dff0289,ce699847-8815-4669-b0c6-9f4c6be4f140,2cbb0044-f5b8-49fd-929b-9d2ef0526033,4709,11/26/2025
1078aece-ebfb-48a1-b383-435cdbc64bde,eea2ec37-3f11-481b-bd33-27d29880a4b9,1b2529fc-0ef1-433b-9d87-a2df61c453fc,9586,2/1/2025
1dac989e-8912-47dc-8e22-175bc32bb22c,38b33fff-9988-418e-b878-009b434a8f0c,de332974-fe7a-4fbc-8cfc-7ff5c02b7a02,10503,9/8/2025
55d08fe6-1a32-4213-aa4e-a2f5a01b402c,191371f4-a40d-4258-a4fb-8ce592d6102e,5fb6ac68-bf51-41a0-a82f-a9a85e494079,6037,9/15/2025
706aa800-0c2e-4be7-99a8-7ed57781c087,13f58b05-6783-48d2-8db4-8e1b637ea740,de332974-fe7a-4fbc-8cfc-7ff5c02b7a02,7394,5/25/2025
3feccdb7-2647-4186-b689-861b4872d4e1,ef07e896-6993-44cb-ae9f-f56cfefebe2c,6043eaa5-7735-4261-bac1-d7410c96f034,8519,9/5/2025
6267b4d3-e380-4b1d-8e90-9169d8a84399,377f11ef-ef64-465d-a9db-336db32b8c89,a155ec1d-c375-47e3-865a-e154f17a3ced,3287,4/4/2025
7ab29e61-9eec-4b54-bbba-9f562f731460,33629eaf-cfbe-44e8-b456-cfab7eeeb6b0,a155ec1d-c375-47e3-865a-e154f17a3ced,7037,2/25/2025
0bc8458f-ec71-45e3-be6a-2bd09ec1de0f,c9d631ef-dd15-4652-be93-5137cadbb7fa,153ff855-cd4e-41f7-9232-d0d2c3a514a4,828,1/11/2025
84d61a0a-4dc5-4a33-9215-adf693c6eb19,d9023073-4701-477f-a22c-bd45027b9727,79929588-7af9-4046-a39a-52feee2415e4,5265,2/14/2025
a91ee23b-94f7-4708-911a-0ff0269e9757,3e9e15ca-d504-4862-b27e-556606eb1fbc,6043eaa5-7735-4261-bac1-d7410c96f034,5683,11/27/2025
1dc9dc7f-7dac-4cd5-80c2-a586d2a46031,fad0fbd6-1563-4c23-a2b0-22a7bb89baf8,a155ec1d-c375-47e3-865a-e154f17a3ced,6034,1/29/2025
f234cda9-1d37-4f95-9200-133b50e0aaef,a0ca958c-55d5-4ef8-93e7-cb9015f4c65e,19bbe416-4c3e-4fc7-a43d-a3348f55a09e,3690,4/30/2025
d988f55d-37ae-4962-bdb7-f4165cd2b31e,c86e8d9d-b142-45ca-bee1-ec271d6d4f69,153ff855-cd4e-41f7-9232-d0d2c3a514a4,5438,6/26/2025
59dd2192-bdec-46b7-9073-ef433ae22314,31b21ed9-d8a1-4e6c-b057-a8c7cdb90900,2cbb0044-f5b8-49fd-929b-9d2ef0526033,3853,11/8/2025
0c3e3dba-8b1d-44c1-9d4a-aebbe0e509dc,aec09536-bdbe-42bc-8d31-b5e4aa76dd60,0ebb62af-f47d-4c9f-a3ac-f41834e0a2b9,6002,5/8/2025
23ec3f3c-22c0-42f2-8507-29227331e8e7,34e4137b-3319-47ba-b3cd-82bd219aa67a,19bbe416-4c3e-4fc7-a43d-a3348f55a09e,5063,10/31/2025
0ab7e8fc-5ce5-4ec7-85c3-c54dc9170703,082e107f-2e5e-44dd-87f1-3f86dd1423ce,d3a5488c-25f9-4dad-93b7-df54b25937b8,6653,7/1/2025
b7fce3bf-10b6-430c-a50d-5df3a9aa6316,ef07e896-6993-44cb-ae9f-f56cfefebe2c,de332974-fe7a-4fbc-8cfc-7ff5c02b7a02,9775,12/15/2024
de8dd518-1274-476a-965b-24f14077c8ca,8b146d98-0297-4a54-9c61-4900337cf80c,639f899b-a662-4a29-841e-bb2e7bb1ea8f,3902,10/22/2025
799603a7-c496-478a-82ac-ed47f873d3e0,61419e9c-ff17-4ab4-8efc-b11aac3000cf,79929588-7af9-4046-a39a-52feee2415e4,5232,2/12/2025
09520e01-6379-4715-9946-bf744bf9844c,6dc27fc9-b2f6-42bb-bc50-a5fe8ce2d886,6dee7224-0cd4-405a-a0de-163ee91b0685,7316,8/31/2025
71b949bc-b753-4072-a0bd-ce9d8ab570b6,01a107c6-b1eb-46a3-a620-ed00afbdc10e,5fb6ac68-bf51-41a0-a82f-a9a85e494079,3745,9/15/2025
5db2c487-66f3-4864-b9e0-8e94e396401a,0c3841b5-b3aa-4cce-84d0-7d9555a92dac,153ff855-cd4e-41f7-9232-d0d2c3a514a4,3732,2/3/2025
0ca100aa-5ae6-42ca-a303-4af213b10e1c,75f34259-41e1-4e2e-9eb5-7de33b1c1285,0ebb62af-f47d-4c9f-a3ac-f41834e0a2b9,7821,9/7/2025
64402681-3375-4875-a2d4-fd6e0675905d,98ad6824-d212-4b15-8115-92ed3417f859,6043eaa5-7735-4261-bac1-d7410c96f034,4816,7/28/2025
ae5bc0e3-593e-4ebb-99b3-db43359cea84,f4866563-149f-4952-9bb7-4004b7eef4e0,639f899b-a662-4a29-841e-bb2e7bb1ea8f,4133,11/15/2025
26ba2a61-fc19-40dd-ac8a-beaf9885ea26,dfe6ca02-2cc0-4047-92a2-5862e8fe175a,0ebb62af-f47d-4c9f-a3ac-f41834e0a2b9,7352,3/28/2025
f53fad40-763d-4e8c-b0f5-9100d0e9e659,866632e2-92f5-4a6e-9cbe-85ad4ca08289,6043eaa5-7735-4261-bac1-d7410c96f034,2844,8/24/2025
242973e6-657e-4d0a-a31b-e2fe14a116d7,db07ed47-e5f0-4959-bf2b-e7f869848421,6043eaa5-7735-4261-bac1-d7410c96f034,5436,9/29/2025
22c4ffba-cae4-4ce4-a2c3-6c0a743648e8,96f7fac2-0edd-48d4-8f0e-f9701d30c313,6dee7224-0cd4-405a-a0de-163ee91b0685,3170,10/27/2025
ac0215fa-7558-4b26-9800-3b6790304c74,ee499f28-702c-4480-9fcb-ae5089c3152b,1b2529fc-0ef1-433b-9d87-a2df61c453fc,4132,12/3/2025
d7faf7da-b16d-49ec-b94b-1677a10a7d63,bc04662a-8895-4966-ba1b-0be5a8ded8bf,a155ec1d-c375-47e3-865a-e154f17a3ced,2931,1/27/2025
8f057953-9a7a-410d-893a-1b6e2b77d85a,3eb9e753-9c15-4c10-b707-a789c06740b0,11c14be1-13ce-48a1-bd33-0830cca9c4da,2563,4/4/2025
40dc17b1-3671-4780-8536-ef8c1cdcabac,042f817a-9a18-49bd-a129-b12943582863,1b2529fc-0ef1-433b-9d87-a2df61c453fc,7960,5/1/2025
833a9aa1-0353-455a-b59c-b17e4a366262,08c608fb-a738-4f02-bd03-8a7da6dd49bf,b921a687-1b4f-43a3-9fb6-ad8233b1e9ed,2461,5/19/2025
8ea90447-ac57-4059-b749-b7fec0032323,5cd54812-dfb4-4dc4-acb1-ad56725f7285,11393531-e33a-4a41-a5d9-518cd668ba71,6781,12/30/2024
18644350-82a2-4634-ad65-d51a6908c7d7,4f0f3676-67ee-41c6-bb49-57dc42df3a47,ac285fd8-a4a1-40ac-8286-c8d6173f057a,930,9/30/2025
b69a8a3a-d883-422d-8e02-97ae250214a3,f2f95159-1dd6-4ee9-86a4-410cb0e56d33,0ebb62af-f47d-4c9f-a3ac-f41834e0a2b9,9104,2/7/2025
b64ad089-c56d-47e5-a581-e4fe8fd1ef25,bc04662a-8895-4966-ba1b-0be5a8ded8bf,11393531-e33a-4a41-a5d9-518cd668ba71,6115,10/27/2025
49d62591-0673-4734-80f3-d9bc062827bd,143b566c-0ce9-41bc-9c5e-96425d9a9939,b921a687-1b4f-43a3-9fb6-ad8233b1e9ed,4081,8/9/2025
a724f67a-2c1c-43db-aa5d-560636cb9dce,3eb9e753-9c15-4c10-b707-a789c06740b0,153ff855-cd4e-41f7-9232-d0d2c3a514a4,2095,9/4/2025
b91a7de6-5dda-4027-b3fb-69ebe2c37483,a0ca958c-55d5-4ef8-93e7-cb9015f4c65e,79929588-7af9-4046-a39a-52feee2415e4,3570,11/18/2025
701a7b05-fcd4-411d-a643-2070043d473c,31b21ed9-d8a1-4e6c-b057-a8c7cdb90900,79929588-7af9-4046-a39a-52feee2415e4,4613,1/28/2025
6afe8d28-f392-479c-87c2-be7c37721cfb,22a0d2b8-da42-4729-b2b4-0739ad40d91c,d3a5488c-25f9-4dad-93b7-df54b25937b8,2479,2/11/2025
85ac5020-d2e5-42bb-90f1-c4101b2d4ca0,7f04f7dd-66c1-44c8-a059-fd8a81506f41,2cbb0044-f5b8-49fd-929b-9d2ef0526033,7787,2/26/2025
886b325b-81be-486e-922e-bc468511cb35,08bc0dac-a0b6-4730-9816-da45368d9de9,a155ec1d-c375-47e3-865a-e154f17a3ced,6611,6/28/2025
88a1753a-116d-46cf-804f-30ce6870e987,374b3178-dd6f-47d6-b329-490be7074b33,153ff855-cd4e-41f7-9232-d0d2c3a514a4,5034,3/31/2025
3807fc8b-610a-4210-b58a-1047938679f9,127c1fc6-017f-409d-891f-1361361ad632,14de0956-48d5-4aac-a4ed-5353150ae13c,994,3/15/2025
5254debc-ea09-4b55-be52-c666c1644476,1d17f2d9-26d3-4356-85bb-b7675023f008,153ff855-cd4e-41f7-9232-d0d2c3a514a4,6248,9/29/2025
32c0e451-df95-4eba-a38e-7881f0a24502,be21eec2-b6d7-4634-b0ae-800ef1eb2817,d3a5488c-25f9-4dad-93b7-df54b25937b8,3900,7/26/2025
23649554-885e-453b-9996-8340f868c052,76382d3f-752a-4f6d-a40a-20ef544f69f9,5fb6ac68-bf51-41a0-a82f-a9a85e494079,5824,2/2/2025
59999e5e-4a4a-4e91-bd5a-909304468441,3093268e-1a7d-4beb-a982-3b4a25a489af,14de0956-48d5-4aac-a4ed-5353150ae13c,1913,11/30/2025
a97b01f3-e36e-44f7-91f2-564ab3bec2a1,62e66c3a-fa44-42c2-9c56-5365da07db84,6043eaa5-7735-4261-bac1-d7410c96f034,4411,12/14/2024
97f9f8a9-695b-467b-86bf-8fdedebcf691,6a823099-6b6e-40f4-bae4-3a5bb7e4cf1a,6043eaa5-7735-4261-bac1-d7410c96f034,2220,7/12/2025
dd1e2560-2305-49ec-ac4d-a81b792a7734,5fdf658f-d499-4641-bd7a-d3fff393f1f9,2cbb0044-f5b8-49fd-929b-9d2ef0526033,3508,10/24/2025
94a30496-566c-4cc9-8e77-e018ba4ce2b4,36ade365-7108-42ba-b913-eab33bd8682c,6dee7224-0cd4-405a-a0de-163ee91b0685,8103,3/12/2025
66eac22a-05bb-48b4-acb9-2b7c4c3777f7,8cb8899d-40ed-4473-8677-b4aacaaec4d4,a3d7486c-6628-42e7-8a54-f326ba5f6775,3750,1/25/2025
3a14194f-5120-4f2e-a893-c2abbcae21c9,6b67e040-258c-4fe1-9078-124e87bf328c,de332974-fe7a-4fbc-8cfc-7ff5c02b7a02,4613,9/13/2025
57b527bb-1172-49f6-8043-e3a2c4c259f9,cf584ea5-7ccb-4052-818e-bb06802ac4a5,a155ec1d-c375-47e3-865a-e154f17a3ced,6875,3/17/2025
0f15077e-6c98-45ea-8d69-d83719cac7c4,eb87e509-ea0d-4e03-b4d3-511284c4bf04,a3d7486c-6628-42e7-8a54-f326ba5f6775,4702,5/7/2025
affeddd4-54c5-4c5a-9a4c-147c13f66da8,6ec4886d-a6d1-469e-8542-11e3b7a5c7d3,b921a687-1b4f-43a3-9fb6-ad8233b1e9ed,3849,7/17/2025
7d410184-50d8-40fa-aca3-24f1dda96d70,c86e8d9d-b142-45ca-bee1-ec271d6d4f69,6dee7224-0cd4-405a-a0de-163ee91b0685,6710,12/29/2024
54779a5a-2153-49e4-bef0-6f6bedf569c0,915d2220-5d24-4b34-ae82-d018a98520da,1b2529fc-0ef1-433b-9d87-a2df61c453fc,3816,7/31/2025
ae887840-b757-4762-afe5-4e6c8ee3cca6,d8d14d24-cab1-4fe8-b800-daf8b3f3afd3,11393531-e33a-4a41-a5d9-518cd668ba71,5527,9/18/2025
7dd0bc8d-8233-4f5d-a79a-12e2dc77b04b,1ec24ed2-aa6e-4975-9d72-e33fc9002a3d,6043eaa5-7735-4261-bac1-d7410c96f034,3146,10/26/2025
b4e429e0-79da-4afd-9079-9c21d7d32290,8206e661-0076-4100-ab8e-87209186a81f,76c91bb9-8fc0-465c-8ec7-5716c05004a8,2846,5/4/2025
d5d2a38e-6838-4b42-a5fd-2c74803b7519,38b33fff-9988-418e-b878-009b434a8f0c,bb62fb14-2fdc-4944-ac60-8a2d933d71aa,8603,5/5/2025
2fbc21dc-f3ae-41d1-8886-7f67fd035bb1,1e81eb39-a411-482c-8727-980a48fabf8e,1b2529fc-0ef1-433b-9d87-a2df61c453fc,5469,12/27/2024
022ac61f-182f-407c-8591-f5ea07ea33e3,da213031-60d7-4342-bf55-a05a77604468,d3a5488c-25f9-4dad-93b7-df54b25937b8,1397,5/5/2025
2b243570-9fd5-41a2-8e74-3ddc0350fa6b,b07cc8c6-a6ca-4180-81fb-7fdcffdefc4d,bb62fb14-2fdc-4944-ac60-8a2d933d71aa,2378,12/15/2024
b6cf98c8-1a6c-401d-8eb7-01728d709875,eccc179d-72aa-4384-b487-684f73e56369,a3d7486c-6628-42e7-8a54-f326ba5f6775,2409,9/28/2025
b568b2a7-71c1-47d8-9595-c4ec3960361e,726aa3eb-6e0c-470f-8c14-45987ae3656d,a3d7486c-6628-42e7-8a54-f326ba5f6775,3836,1/19/2025
3e5f470b-07f2-4503-9c34-1b407b752e7f,5e9da4ef-41f6-47ff-9ef9-540530e6ffed,0ebb62af-f47d-4c9f-a3ac-f41834e0a2b9,6503,9/4/2025
1c032b95-e755-4a13-8520-6b10c28f8b0a,03be23f6-f7e5-47b0-a489-f53bc0947334,0ebb62af-f47d-4c9f-a3ac-f41834e0a2b9,5427,8/24/2025
20bbefa7-4cb7-4578-b8f3-f00e945997ac,8ebfd350-63f6-4bc4-8a58-4d53d5476886,153ff855-cd4e-41f7-9232-d0d2c3a514a4,5128,5/12/2025
872473b5-b6d2-467c-8290-b69c41f7fb61,a5dcda14-77a3-4d71-9fcb-4dfa50cbb575,14de0956-48d5-4aac-a4ed-5353150ae13c,5860,6/5/2025
83434208-f553-4dc7-a24d-cf18f63d43fb,00efa492-be06-4517-bdc1-fef198c8ac2b,19bbe416-4c3e-4fc7-a43d-a3348f55a09e,6469,7/9/2025
6ede8310-10dd-4096-adae-74fc32fc6eed,15e036d9-9825-41e0-8406-626004c4ad87,19bbe416-4c3e-4fc7-a43d-a3348f55a09e,5836,3/7/2025
abaa615c-88b3-4392-beb3-89a09b634cf4,5cd54812-dfb4-4dc4-acb1-ad56725f7285,6dee7224-0cd4-405a-a0de-163ee91b0685,10714,12/17/2024
3f58e1cb-e595-4a5b-acaa-bd0be4714521,ce7e026d-0825-423e-82f0-f6aadad80d76,5fb6ac68-bf51-41a0-a82f-a9a85e494079,3001,3/19/2025
681f74e0-2380-4042-a291-3f24fb2255b8,2b182970-006e-4ff6-9cd8-df85f079654d,76c91bb9-8fc0-465c-8ec7-5716c05004a8,6334,3/25/2025
e4fb8009-3680-4fc1-85c7-5de9c928f48e,70c3c2f0-a050-4407-b86b-49b3a1b07f79,1b2529fc-0ef1-433b-9d87-a2df61c453fc,4262,10/31/2025
20ed934a-52cd-4f30-b5f7-ecd6939c8686,8132ca59-ece5-4025-899d-c676025fe43e,d3a5488c-25f9-4dad-93b7-df54b25937b8,2861,4/18/2025
52d16608-2163-434d-a2be-20bb880dba33,a3055f8e-a80b-461f-9e6a-52b86656f923,de332974-fe7a-4fbc-8cfc-7ff5c02b7a02,6438,1/8/2025
54875947-fd50-4545-b446-4e578c3b81d4,eccc179d-72aa-4384-b487-684f73e56369,b921a687-1b4f-43a3-9fb6-ad8233b1e9ed,3069,9/30/2025
cfd3b9ef-6f28-43f7-a56d-abb903988969,95f88149-893d-4c20-bb97-9bf443f71739,639f899b-a662-4a29-841e-bb2e7bb1ea8f,3607,1/30/2025
04571105-0414-4c6b-ac5f-d95cc0f9a1d0,ff0cea40-2887-4292-b02b-fe4c194690ba,5fb6ac68-bf51-41a0-a82f-a9a85e494079,7294,2/14/2025
92c35f24-ea36-4dc2-8b14-45fa74c85d04,dfe6ca02-2cc0-4047-92a2-5862e8fe175a,1b2529fc-0ef1-433b-9d87-a2df61c453fc,4172,1/9/2025
e114b052-b865-4b88-a75b-8a83350aa966,ef07e896-6993-44cb-ae9f-f56cfefebe2c,639f899b-a662-4a29-841e-bb2e7bb1ea8f,5850,4/22/2025
85502366-7ec7-4182-99c3-fec8df8d2608,c7d3842e-2e0b-458a-86e5-9735cee1b0ab,153ff855-cd4e-41f7-9232-d0d2c3a514a4,1425,4/29/2025
2eebdda7-529a-4b9d-8975-4ee399a2dab8,61419e9c-ff17-4ab4-8efc-b11aac3000cf,6043eaa5-7735-4261-bac1-d7410c96f034,4988,7/20/2025
48346df6-020b-4c78-a83f-c211e5bba1e5,3c99ed93-bf2e-4b2e-b3fe-3afe74dc6c17,de332974-fe7a-4fbc-8cfc-7ff5c02b7a02,6124,8/27/2025
f5378b4f-82c5-4e5a-8204-d42bc428b9d3,d9023073-4701-477f-a22c-bd45027b9727,11c14be1-13ce-48a1-bd33-0830cca9c4da,7891,10/25/2025
d4b5475f-4ec4-402b-9cbd-510f656a7c42,01a107c6-b1eb-46a3-a620-ed00afbdc10e,6dee7224-0cd4-405a-a0de-163ee91b0685,2865,1/14/2025
32c7e2ab-6904-48dd-b778-6926d7426788,d9464c86-e204-4429-8e39-142ebe40fece,de332974-fe7a-4fbc-8cfc-7ff5c02b7a02,4865,6/12/2025
92359b0f-9267-4d59-a6d7-55c55dce09c4,1e81eb39-a411-482c-8727-980a48fabf8e,19bbe416-4c3e-4fc7-a43d-a3348f55a09e,8909,5/12/2025
c62e84c5-c132-47eb-9aeb-481c03c77192,701e5476-480c-4192-900e-e0a11fb22428,5fb6ac68-bf51-41a0-a82f-a9a85e494079,3977,2/26/2025
98af646c-f909-4c63-8ff8-908497744eae,ccb02aa9-465d-4ca5-9221-b4a9b10226ed,bb62fb14-2fdc-4944-ac60-8a2d933d71aa,5352,9/9/2025
05cd69d9-2010-4809-8caf-bb82f9e95449,eea2ec37-3f11-481b-bd33-27d29880a4b9,6043eaa5-7735-4261-bac1-d7410c96f034,8482,12/14/2024
77e1721b-f0e8-482a-a5c5-cc4bc8a8cd3c,30d62126-a0f7-4ed3-ae04-e6ce84fe1698,a155ec1d-c375-47e3-865a-e154f17a3ced,5245,4/16/2025
8e0c62ab-f118-426b-aed6-3cb15cd042e5,30d62126-a0f7-4ed3-ae04-e6ce84fe1698,2cbb0044-f5b8-49fd-929b-9d2ef0526033,5341,3/31/2025
927c50c2-0d7d-42a3-9d78-991ffc8c77d4,01a107c6-b1eb-46a3-a620-ed00afbdc10e,79929588-7af9-4046-a39a-52feee2415e4,4705,1/26/2025
a09e79f8-a848-45ac-85db-d9aeeae3c5ec,0058b78a-1c50-4955-8cab-e528592123d6,639f899b-a662-4a29-841e-bb2e7bb1ea8f,4669,4/3/2025
2d4dd036-65b7-4c46-b644-bb93cd6df706,c7d3842e-2e0b-458a-86e5-9735cee1b0ab,11393531-e33a-4a41-a5d9-518cd668ba71,2085,8/13/2025
6b9ddf2d-2826-4e14-b7cb-b0fc28b640dd,42563e56-1f7e-405d-b4f2-30f7ca0e9758,19bbe416-4c3e-4fc7-a43d-a3348f55a09e,4113,6/7/2025
3d83a91e-24ec-46d4-a750-17bd46d5fb50,d6122a1c-7b0c-4101-96d5-4cb14db6565c,d3a5488c-25f9-4dad-93b7-df54b25937b8,2518,8/31/2025
762cf60a-63f4-4ef9-b432-717806340e11,283a6912-b3dd-4ba2-b985-aa2a344d2406,0ebb62af-f47d-4c9f-a3ac-f41834e0a2b9,589,2/2/2025
6246a425-fa07-4ddd-8db5-de6733735582,7c1dd3d5-c0de-49cc-ae3c-bc8f5e3555c6,a155ec1d-c375-47e3-865a-e154f17a3ced,4795,6/11/2025
db9ffbd9-331b-4cf5-9d76-2fc5b873ebf4,fad0fbd6-1563-4c23-a2b0-22a7bb89baf8,153ff855-cd4e-41f7-9232-d0d2c3a514a4,6602,3/10/2025
5cf90438-b72e-408c-9f8e-0d2f51e07c35,90f7395a-ddc0-4691-8bb2-82095b03b503,76c91bb9-8fc0-465c-8ec7-5716c05004a8,2721,10/28/2025
82c25f24-8b84-481e-b3b1-cc2fa20b94f2,507fca07-2e1d-4b1f-93b7-625ae80843c7,639f899b-a662-4a29-841e-bb2e7bb1ea8f,4066,7/16/2025
94249a4e-9cde-4908-923b-4fb7b10ffc7f,7bb90c0b-968a-4123-bb1b-5090d9b61e1a,2cbb0044-f5b8-49fd-929b-9d2ef0526033,1783,2/8/2025
fa098b09-1c64-4c66-a2cf-82f1c9026faa,be21eec2-b6d7-4634-b0ae-800ef1eb2817,a155ec1d-c375-47e3-865a-e154f17a3ced,6047,8/28/2025
cfc364f9-7f54-49df-9598-87382adfacb1,51f71212-f589-43dc-b78f-e075ec1f8d48,a155ec1d-c375-47e3-865a-e154f17a3ced,2623,7/25/2025
9f187bce-38f3-47a6-b0fd-fc72c5758e72,3157e8d8-7097-4013-a28d-0a97156dea48,0ebb62af-f47d-4c9f-a3ac-f41834e0a2b9,5687,11/4/2025
023adb32-0578-4ed4-9463-624d3d1cc2d6,5b55f3db-de74-45a2-84b8-cd3c6baa6df3,76c91bb9-8fc0-465c-8ec7-5716c05004a8,5506,2/9/2025
949053c2-6c30-49cf-99f5-7b931b185971,72fd04e6-f4bb-43f2-8198-35147973b8bc,153ff855-cd4e-41f7-9232-d0d2c3a514a4,5510,11/8/2025
2d82f6fd-3875-466d-b3a3-37a0d3caac6a,2e2f3f47-a04b-4400-a750-3b6980f2c147,11393531-e33a-4a41-a5d9-518cd668ba71,2950,12/1/2025
47b68030-c535-4aaa-aaff-1e03c7c4c27f,7bb90c0b-968a-4123-bb1b-5090d9b61e1a,1b2529fc-0ef1-433b-9d87-a2df61c453fc,3512,9/26/2025
deec97be-849c-423a-84b5-6e89108dae6e,22a0d2b8-da42-4729-b2b4-0739ad40d91c,6dee7224-0cd4-405a-a0de-163ee91b0685,3139,2/1/2025
de9bf5f6-590c-4fee-912c-dd4e9c661fd5,61419e9c-ff17-4ab4-8efc-b11aac3000cf,de332974-fe7a-4fbc-8cfc-7ff5c02b7a02,4256,4/14/2025
163cf52e-6adb-45b4-af41-340834d8b528,3e9e15ca-d504-4862-b27e-556606eb1fbc,5fb6ac68-bf51-41a0-a82f-a9a85e494079,7519,4/28/2025
9d450622-ef99-44ee-b8c9-e3c9b6acd78a,63f16e7b-0b02-4a08-b33a-70c4c015b709,bb62fb14-2fdc-4944-ac60-8a2d933d71aa,1699,9/6/2025
7653b4b7-a915-4550-a74a-f4255316b6b6,68be634a-0097-4df8-a0d8-c08ad71b944a,6043eaa5-7735-4261-bac1-d7410c96f034,4016,6/9/2025
76dc79be-bfd3-4a84-bd1a-d8dcdaa33707,d14b4614-0e58-40a6-a1a9-86b3b400de04,639f899b-a662-4a29-841e-bb2e7bb1ea8f,6586,3/16/2025
33178f6e-29a6-42df-923c-be356c672262,40152d71-076f-42cf-86b4-84f435e9527c,19bbe416-4c3e-4fc7-a43d-a3348f55a09e,2810,8/27/2025
0ee9ed18-9dcd-4e2e-b010-817fc44a4e03,646d2f1c-1228-4238-a49a-652704c25018,a155ec1d-c375-47e3-865a-e154f17a3ced,2583,9/26/2025
ea5ba745-78b2-43f5-a0c8-418866ac5ac4,8132ca59-ece5-4025-899d-c676025fe43e,0ebb62af-f47d-4c9f-a3ac-f41834e0a2b9,2861,11/1/2025
e367792e-a1e9-42dd-b676-0c9298df9943,2c5457e9-4abc-4fa6-8790-f4683349b1ab,11393531-e33a-4a41-a5d9-518cd668ba71,3969,8/7/2025
53a1290c-d081-4a2b-81ea-8c790ba39884,22a0d2b8-da42-4729-b2b4-0739ad40d91c,bb62fb14-2fdc-4944-ac60-8a2d933d71aa,2699,4/2/2025
23d5e5ab-b03c-4c8f-8460-8fdce31b5fde,fc373b9b-e579-44c6-8d76-c83a55bf7100,11c14be1-13ce-48a1-bd33-0830cca9c4da,5399,11/13/2025
25668470-6c62-4e0b-b301-436762610a22,da213031-60d7-4342-bf55-a05a77604468,11393531-e33a-4a41-a5d9-518cd668ba71,1145,5/28/2025
020fcb8d-369b-43cc-81c8-c076b9ac7ec8,9b5a428c-3f00-450d-842b-f078f8e2879f,5fb6ac68-bf51-41a0-a82f-a9a85e494079,9179,4/29/2025
5a878b2c-a2cb-48c8-bb27-fd4ee980c8b7,903d082a-62b1-4190-a0b4-6ca925fc47f4,11c14be1-13ce-48a1-bd33-0830cca9c4da,3549,3/24/2025
812107cf-adaa-41dc-94e0-0cccec3dd6d4,1bee3722-f91c-4193-b74f-25b0bf21eb73,b921a687-1b4f-43a3-9fb6-ad8233b1e9ed,4860,4/14/2025
c5248dd8-ac58-47dc-866c-24eeee393bbc,d0eea1d0-9f63-4103-88cd-c98e1e1c1019,0ebb62af-f47d-4c9f-a3ac-f41834e0a2b9,3758,12/4/2025
2a3dd056-908e-4fc9-8e00-7f698055f79f,fb1720e6-3c49-4d61-8bb2-e33f07174145,a155ec1d-c375-47e3-865a-e154f17a3ced,3671,4/5/2025
a8ca1bba-42ad-4e74-9972-8f06203f9430,e203deb7-9fd9-45d7-bb6a-4edbd0a939a9,5fb6ac68-bf51-41a0-a82f-a9a85e494079,6206,10/18/2025
92fa34ab-a212-402c-954e-3b7942b84058,ccb02aa9-465d-4ca5-9221-b4a9b10226ed,b921a687-1b4f-43a3-9fb6-ad8233b1e9ed,5154,5/6/2025
1b563107-c5fc-4470-9092-0ebd59452eaf,3a77e105-2633-41b3-90ec-9c9daed96ea3,6dee7224-0cd4-405a-a0de-163ee91b0685,2947,6/23/2025
3440efb9-7d6f-4ec6-a39d-0c3377c5b248,88202009-d26e-48a3-b654-3b6743d74bdb,bb62fb14-2fdc-4944-ac60-8a2d933d71aa,5876,9/30/2025
81e8dcfc-f651-43fe-a6ca-5c7abd231c63,bde1b9fc-7ada-4820-9313-69ac4156a271,0ebb62af-f47d-4c9f-a3ac-f41834e0a2b9,7221,5/26/2025
791a4e71-6020-4040-8755-849d34c32ad2,c6ee8879-100b-44d0-8fd0-c648f01bd009,11c14be1-13ce-48a1-bd33-0830cca9c4da,8981,9/6/2025
a1717b8b-13c9-4a30-9e2f-1188f7c0ef7c,aec09536-bdbe-42bc-8d31-b5e4aa76dd60,6043eaa5-7735-4261-bac1-d7410c96f034,5670,6/1/2025
a3076000-fad2-4d1f-83c8-fcffa762737f,c249e498-acc6-4fdd-b9cb-cf1bc1802478,639f899b-a662-4a29-841e-bb2e7bb1ea8f,5757,4/10/2025
d9ac9642-df4b-45ab-a3b3-327e48c7483e,90f7395a-ddc0-4691-8bb2-82095b03b503,b921a687-1b4f-43a3-9fb6-ad8233b1e9ed,3681,11/5/2025
aec4ee21-3fdd-49e1-b84a-502b364abf1f,8a025000-8b95-46e9-be3a-0cfeb03a80e5,0ebb62af-f47d-4c9f-a3ac-f41834e0a2b9,5607,5/21/2025
8e0f280b-e612-4f0e-8bc7-acd87477cdf1,f0e79b95-8a51-4b52-97c8-c6352283a193,0ebb62af-f47d-4c9f-a3ac-f41834e0a2b9,8189,11/2/2025
39654c54-0b81-489d-8584-3fd952d1e373,f7abe0ad-d6e7-4d26-9d78-4557eb7af944,14de0956-48d5-4aac-a4ed-5353150ae13c,6785,5/28/2025
1e39b155-947d-4061-83c2-dc26f5048cb7,f987a007-9e58-4402-bed8-18b85f97553c,14de0956-48d5-4aac-a4ed-5353150ae13c,3435,4/21/2025
8410bdc8-c4a8-4b5e-b84e-855c8ca24bd1,ce7e026d-0825-423e-82f0-f6aadad80d76,2cbb0044-f5b8-49fd-929b-9d2ef0526033,3001,7/15/2025
d273ae0a-e336-453a-826f-6ce7b5b43d02,93882a3d-f113-454e-a881-e61d02c47748,a3d7486c-6628-42e7-8a54-f326ba5f6775,3584,11/7/2025
a845ad79-c775-43a0-a7de-aa794f9d642a,d1ee9e76-e358-4999-9ef0-b8bad639528b,76c91bb9-8fc0-465c-8ec7-5716c05004a8,3615,12/31/2024
8034033c-1328-4866-8023-80513fd5ef35,bde1b9fc-7ada-4820-9313-69ac4156a271,0ebb62af-f47d-4c9f-a3ac-f41834e0a2b9,9210,5/28/2025
b3febcca-bb85-429a-aedf-491e9d8cae2b,8ecf4e7e-d193-4d59-beea-2d2599df0160,a155ec1d-c375-47e3-865a-e154f17a3ced,3828,1/17/2025
8bd59844-60e8-4bf6-a32f-2bc1fb1cccd4,30d62126-a0f7-4ed3-ae04-e6ce84fe1698,11c14be1-13ce-48a1-bd33-0830cca9c4da,5533,4/9/2025
f50be90a-6151-45d1-ae87-e1ba01352265,defd65dd-0886-4584-b473-0a060c80dc20,79929588-7af9-4046-a39a-52feee2415e4,8395,1/21/2025
2ea15757-2a3d-4a2e-bbf0-57afe41672c7,c7d3842e-2e0b-458a-86e5-9735cee1b0ab,a155ec1d-c375-47e3-865a-e154f17a3ced,1935,4/21/2025
45360f1e-ec8b-4e2b-98ce-b871e7057945,95f88149-893d-4c20-bb97-9bf443f71739,11393531-e33a-4a41-a5d9-518cd668ba71,1619,7/17/2025
46cb6684-4a56-4a42-ae34-205b2090800f,6a2a9b68-7145-4a05-ba03-cd364b8624c1,0ebb62af-f47d-4c9f-a3ac-f41834e0a2b9,9887,4/8/2025
99f8b4f0-5b8a-41bd-b853-d74a3f5dbf82,062ec88c-253d-4e0e-8a78-6cfa75db21d4,a155ec1d-c375-47e3-865a-e154f17a3ced,3303,12/25/2024
d53435c5-3760-4582-8b08-b1de42267bb5,da213031-60d7-4342-bf55-a05a77604468,639f899b-a662-4a29-841e-bb2e7bb1ea8f,1433,12/1/2025
3168c73c-1761-452f-abbb-d403ea4dbbdb,bb41ccdf-f6cb-4d7a-9bc9-ee92fe608572,11393531-e33a-4a41-a5d9-518cd668ba71,3979,8/2/2025
847ccb7c-87c5-4122-91b1-e3dbf93b2b11,ce7e026d-0825-423e-82f0-f6aadad80d76,a3d7486c-6628-42e7-8a54-f326ba5f6775,3595,8/16/2025
64e5b96c-8ea2-462d-b0df-3b7ea1d32e56,84b772cc-759e-45df-b8eb-b3f9cf15d29a,d3a5488c-25f9-4dad-93b7-df54b25937b8,4077,7/4/2025
ea7691f2-809f-4044-bb94-afefe151e16c,bb41ccdf-f6cb-4d7a-9bc9-ee92fe608572,a155ec1d-c375-47e3-865a-e154f17a3ced,3149,1/21/2025
04e30d8e-594f-45f1-8bd5-0829b2507cff,b2294934-5af7-4342-9a8c-8f2aa8b1400b,ac285fd8-a4a1-40ac-8286-c8d6173f057a,3501,11/28/2025
9cf21f72-7549-4c99-80ae-9d9991f8656d,191371f4-a40d-4258-a4fb-8ce592d6102e,19bbe416-4c3e-4fc7-a43d-a3348f55a09e,4286,4/13/2025
d6ee3505-6d79-4fcf-a8d7-541e57084032,a57371ff-948a-4f74-811d-c04d943d2edb,a3d7486c-6628-42e7-8a54-f326ba5f6775,4280,11/14/2025
292a3154-0f5f-4361-a56a-591cd6dbff3a,ff0cea40-2887-4292-b02b-fe4c194690ba,6043eaa5-7735-4261-bac1-d7410c96f034,10302,10/20/2025
1ab548ec-02ad-4add-8805-39273dce3fc7,564abf7a-d91a-4251-95a9-a9d4340505ad,5fb6ac68-bf51-41a0-a82f-a9a85e494079,7476,2/6/2025
99adb3cb-99ea-4700-9182-5e338efb7d66,7bb90c0b-968a-4123-bb1b-5090d9b61e1a,a3d7486c-6628-42e7-8a54-f326ba5f6775,4576,1/10/2025
e99fa99b-5ac7-42b1-b725-df5c6188cc11,90f7395a-ddc0-4691-8bb2-82095b03b503,2cbb0044-f5b8-49fd-929b-9d2ef0526033,6177,10/7/2025
37ea969e-348e-4044-95d1-26419bd9dd4e,1f66795e-2576-44dd-bc7c-f4bc7f0b5b3a,d3a5488c-25f9-4dad-93b7-df54b25937b8,7464,11/28/2025
cd70f113-a25d-4d1b-9758-9c1133a4a9d3,9bb02cc3-108e-4dd7-b298-561c11347979,11c14be1-13ce-48a1-bd33-0830cca9c4da,9618,11/29/2025
e5cf603b-d65e-43c9-9485-6e5d30c9f2aa,80eabc49-bd17-4ab0-87f0-b0991c71b0f3,19bbe416-4c3e-4fc7-a43d-a3348f55a09e,250,4/10/2025
5b17e6cc-56de-4941-892b-0b3e1f18d876,082e107f-2e5e-44dd-87f1-3f86dd1423ce,11c14be1-13ce-48a1-bd33-0830cca9c4da,5327,6/4/2025
71eafb15-48ce-4a48-859a-7c4a6a4c3e5a,a57371ff-948a-4f74-811d-c04d943d2edb,639f899b-a662-4a29-841e-bb2e7bb1ea8f,2904,5/9/2025
815070e3-0acf-422e-91ef-3ce2498af9aa,183ba217-29fc-4543-99e0-9a9eb865003c,1b2529fc-0ef1-433b-9d87-a2df61c453fc,3060,5/24/2025
4369b2f3-d2f3-4498-bd47-70c515938d16,33629eaf-cfbe-44e8-b456-cfab7eeeb6b0,153ff855-cd4e-41f7-9232-d0d2c3a514a4,5003,6/16/2025
07880cec-5bb1-4967-a8d7-03c136d2699c,be21eec2-b6d7-4634-b0ae-800ef1eb2817,79929588-7af9-4046-a39a-52feee2415e4,6612,10/18/2025
ef53e66b-8a20-4ae5-a127-1ba8a70e4a3c,ac3e8610-a7ae-4490-bb03-012243092a8e,bb62fb14-2fdc-4944-ac60-8a2d933d71aa,4430,7/7/2025
1d0e218b-a7a3-461c-8cbb-4ea10941d147,f2f95159-1dd6-4ee9-86a4-410cb0e56d33,ac285fd8-a4a1-40ac-8286-c8d6173f057a,8864,7/24/2025
6ac87931-68c5-4cf0-8d59-44c16d24f7e4,107e2c54-7e12-44f1-8ee0-b66a8d831525,de332974-fe7a-4fbc-8cfc-7ff5c02b7a02,2923,4/7/2025
e3528643-b37c-4210-8ab6-31da915417b9,7d96d5bc-4e84-406b-902a-85782266591b,6043eaa5-7735-4261-bac1-d7410c96f034,6003,5/4/2025
c8172e3f-1c2b-45e2-b38a-ba538e395898,b367ec86-5d48-4517-9596-b7328d1cd355,bb62fb14-2fdc-4944-ac60-8a2d933d71aa,2989,3/11/2025
9bc2da24-02a3-425a-81a9-fd3dc88aead0,451ce112-3e56-4f83-a9f9-60f2a012cdab,a155ec1d-c375-47e3-865a-e154f17a3ced,6393,1/27/2025
64f93952-49f5-43f2-8196-a85fc7bb3a2f,4f0f3676-67ee-41c6-bb49-57dc42df3a47,0ebb62af-f47d-4c9f-a3ac-f41834e0a2b9,810,11/24/2025
ffef99bd-1e28-42ce-8cab-7b7c5549cfb6,5cd54812-dfb4-4dc4-acb1-ad56725f7285,d3a5488c-25f9-4dad-93b7-df54b25937b8,6781,1/21/2025
f3b5f413-e87f-43c3-9d38-c57f1c89c598,3b747f31-38b2-4f11-a550-89cccc2abbdd,76c91bb9-8fc0-465c-8ec7-5716c05004a8,2974,10/5/2025
0a8868fa-c594-4983-8ba1-6e43d376a863,eb87e509-ea0d-4e03-b4d3-511284c4bf04,11393531-e33a-4a41-a5d9-518cd668ba71,7051,6/18/2025
3e8a3f84-5028-45ce-a25b-5b31aa2a47aa,1bc6d7b0-35c1-42ad-90e8-e16989ba7345,11c14be1-13ce-48a1-bd33-0830cca9c4da,2699,3/11/2025
978dac71-dbd0-4602-8193-e83ddb67c527,55911bf7-a1ee-44b9-b4c9-4ef3bc263781,0ebb62af-f47d-4c9f-a3ac-f41834e0a2b9,2415,1/10/2025
dffcea3a-856a-498f-a866-abbffb77723f,fad0fbd6-1563-4c23-a2b0-22a7bb89baf8,1b2529fc-0ef1-433b-9d87-a2df61c453fc,6815,3/15/2025
ef4a47a9-03e2-4992-9737-de4c69da2480,5f22117f-f4e4-4e22-9c33-7593dc747b72,0ebb62af-f47d-4c9f-a3ac-f41834e0a2b9,1743,5/27/2025
9b5d8d9b-5ea5-472a-9217-d003e95227b1,8c5d9e3e-9d61-4710-9ce7-ae97b1f2237c,1b2529fc-0ef1-433b-9d87-a2df61c453fc,8325,2/23/2025
a3170d2a-7b63-48ba-ac06-210191ee891f,8b146d98-0297-4a54-9c61-4900337cf80c,6dee7224-0cd4-405a-a0de-163ee91b0685,3584,5/10/2025
89c0a1c7-c90f-411f-8cc8-6c93c6d58814,1103feca-e936-438c-a2e8-dcd00e361683,153ff855-cd4e-41f7-9232-d0d2c3a514a4,7963,12/22/2024
134e519c-4e20-44b8-a874-a5614fc669ee,4f0f3676-67ee-41c6-bb49-57dc42df3a47,a3d7486c-6628-42e7-8a54-f326ba5f6775,950,8/27/2025
1d547bc0-cde3-45f9-8bff-b05028cab1cf,c86e8d9d-b142-45ca-bee1-ec271d6d4f69,6dee7224-0cd4-405a-a0de-163ee91b0685,5968,6/9/2025
74ac1790-83d4-455c-8b9f-5400780a154a,d14b4614-0e58-40a6-a1a9-86b3b400de04,153ff855-cd4e-41f7-9232-d0d2c3a514a4,5594,10/31/2025
84cb111f-ee38-48ac-9a99-e77b312d0534,69da550a-6e79-4128-aadd-2b0ae07b8449,19bbe416-4c3e-4fc7-a43d-a3348f55a09e,5923,10/4/2025
a02b4175-9a81-4a4a-842f-1303d6fecc70,60396896-8b1e-49d3-8b24-820e03241214,639f899b-a662-4a29-841e-bb2e7bb1ea8f,6099,8/31/2025
c8b174f7-199a-402e-8c78-de4e3dbd147d,8ebfd350-63f6-4bc4-8a58-4d53d5476886,2cbb0044-f5b8-49fd-929b-9d2ef0526033,5050,4/13/2025
43e14686-c039-4c12-806a-f354166a75f7,4f0f3676-67ee-41c6-bb49-57dc42df3a47,79929588-7af9-4046-a39a-52feee2415e4,950,1/14/2025
5230713b-6aa6-4499-a18b-caa591edc798,4d223974-6e08-4fcc-8f16-402aca9666e6,0ebb62af-f47d-4c9f-a3ac-f41834e0a2b9,9856,9/27/2025
cd25d939-5b2b-481b-a897-bf1b328f732a,062ec88c-253d-4e0e-8a78-6cfa75db21d4,2cbb0044-f5b8-49fd-929b-9d2ef0526033,6003,1/12/2025
af9cdd6d-ec70-4f4d-88c9-98c70254a206,a5dcda14-77a3-4d71-9fcb-4dfa50cbb575,14de0956-48d5-4aac-a4ed-5353150ae13c,3060,11/7/2025
6d814b40-07f4-448c-9cc9-77691a38f728,839929d0-5870-4759-866e-dcff302ae8c8,b921a687-1b4f-43a3-9fb6-ad8233b1e9ed,7244,6/6/2025
6758c5d3-551a-40e6-9d41-59e92b6a04a4,34e4137b-3319-47ba-b3cd-82bd219aa67a,a155ec1d-c375-47e3-865a-e154f17a3ced,3383,10/2/2025
09087510-f3a7-4ab9-8c98-0ffa21a04cf6,ef07e896-6993-44cb-ae9f-f56cfefebe2c,0ebb62af-f47d-4c9f-a3ac-f41834e0a2b9,6164,10/24/2025
656a22ef-5f77-446e-9f35-53a150ce9c27,9e7bc89e-893c-4d69-92d1-ef376fb8352c,b921a687-1b4f-43a3-9fb6-ad8233b1e9ed,7427,9/25/2025
845c3232-97c8-496b-b28a-2d1c12770978,8cb8899d-40ed-4473-8677-b4aacaaec4d4,6dee7224-0cd4-405a-a0de-163ee91b0685,5950,1/24/2025
03faade0-ea15-4bec-83df-0a7a4cd1bc41,399e6dc2-afb0-42f6-9599-385d3dfbb227,19bbe416-4c3e-4fc7-a43d-a3348f55a09e,1341,6/30/2025
c1e9ee22-061c-4360-9b75-29d5b28f69e8,d0eea1d0-9f63-4103-88cd-c98e1e1c1019,2cbb0044-f5b8-49fd-929b-9d2ef0526033,3758,3/10/2025
e3d8652d-5e1c-4982-a05e-e3eeffd02b21,6a183826-ff20-4ccf-a946-01304f933960,5fb6ac68-bf51-41a0-a82f-a9a85e494079,5644,11/8/2025
2aa8a877-c4f3-40e8-a0ce-c78ce3dc78a7,c1b0fe75-b72d-49a3-bd39-ec709f4fdf10,1b2529fc-0ef1-433b-9d87-a2df61c453fc,5690,4/3/2025
afddd710-8f41-4f1b-8c73-782dddd6854e,75f34259-41e1-4e2e-9eb5-7de33b1c1285,19bbe416-4c3e-4fc7-a43d-a3348f55a09e,7821,3/22/2025
294022e9-8a05-4cff-a6e8-1e163f83693d,f78aca2d-9159-438c-bc5c-1a5eb475856b,0ebb62af-f47d-4c9f-a3ac-f41834e0a2b9,7751,3/14/2025
04305fa7-65aa-460c-9dd7-3aded31dc9e5,86108771-1f6c-4d02-8cea-8395847a371b,14de0956-48d5-4aac-a4ed-5353150ae13c,6952,12/27/2024
cf65a616-7f5a-4bdf-b258-fb48915fa745,ef07e896-6993-44cb-ae9f-f56cfefebe2c,6dee7224-0cd4-405a-a0de-163ee91b0685,8362,3/14/2025
78559beb-74c2-4e23-8e83-522f40fb347e,399e6dc2-afb0-42f6-9599-385d3dfbb227,6dee7224-0cd4-405a-a0de-163ee91b0685,3369,9/30/2025
26cfc8e6-47e7-478e-bc25-0ae2534e4117,5e9da4ef-41f6-47ff-9ef9-540530e6ffed,b921a687-1b4f-43a3-9fb6-ad8233b1e9ed,6998,12/4/2025
541afb84-c3db-4370-b6cc-b29cfaf10bb8,8206e661-0076-4100-ab8e-87209186a81f,a155ec1d-c375-47e3-865a-e154f17a3ced,4263,6/4/2025
3fd63f12-7667-47b4-b390-661f56ae5dcc,1583d3b8-078a-4e44-b850-5990cb524823,bb62fb14-2fdc-4944-ac60-8a2d933d71aa,3687,5/30/2025
62b9e306-2a2d-4c51-87fb-5790d306ad71,cf38a17e-f544-4c1d-84c1-8d4567b4ef10,a3d7486c-6628-42e7-8a54-f326ba5f6775,1682,7/9/2025
99288fdd-f863-4e5e-85eb-d2c4e963703a,0ffcf979-ef11-4214-a1d2-cda91761f49a,de332974-fe7a-4fbc-8cfc-7ff5c02b7a02,5773,1/10/2025
9e0fe9bf-abe8-4b17-8267-4d326a5b43c2,51f71212-f589-43dc-b78f-e075ec1f8d48,14de0956-48d5-4aac-a4ed-5353150ae13c,2221,9/7/2025
385db112-93b8-4bcb-ad7c-370498cbd712,eea2ec37-3f11-481b-bd33-27d29880a4b9,639f899b-a662-4a29-841e-bb2e7bb1ea8f,4066,10/28/2025
70cd6367-1942-4505-b096-e029a4625c0b,a8728e69-893c-4b00-8d43-a4b0215654b3,79929588-7af9-4046-a39a-52feee2415e4,10270,9/19/2025
9eddcac2-bd72-4511-abdc-b28de4e9309b,83c047a1-e0c8-493c-99d3-6c1d27ea680a,0ebb62af-f47d-4c9f-a3ac-f41834e0a2b9,7455,11/14/2025
6e3b1509-5825-4662-b695-de96f3a2f611,2e2f3f47-a04b-4400-a750-3b6980f2c147,0ebb62af-f47d-4c9f-a3ac-f41834e0a2b9,2390,8/13/2025
14840fb8-a14b-43b2-a0bd-129672718219,f4866563-149f-4952-9bb7-4004b7eef4e0,639f899b-a662-4a29-841e-bb2e7bb1ea8f,3076,12/20/2024
7353ff80-02af-4181-bfee-63117f6bbe2a,845294c3-7f76-49f1-b9b4-e6b9d27aac19,79929588-7af9-4046-a39a-52feee2415e4,3354,3/8/2025
07cbabdf-0954-4032-ae1d-d5fd6be2969b,082e107f-2e5e-44dd-87f1-3f86dd1423ce,19bbe416-4c3e-4fc7-a43d-a3348f55a09e,4781,10/23/2025
3048dd5c-83ac-4e02-b66b-8c75f8059f73,ca8dcc04-94c4-4050-82c6-60f924459d9b,0ebb62af-f47d-4c9f-a3ac-f41834e0a2b9,4909,9/27/2025
86ca3722-1f47-4bc6-8d2e-e1c48baa556e,01a107c6-b1eb-46a3-a620-ed00afbdc10e,a155ec1d-c375-47e3-865a-e154f17a3ced,3425,2/23/2025
8f97493b-674b-4631-bb0f-c77d2a4a5d9d,7f5eb720-42a3-4c01-8a10-81dde6fcba76,6043eaa5-7735-4261-bac1-d7410c96f034,4858,8/2/2025
a0e20872-3cec-4c1a-9479-ac4e6b09cd51,a745e358-2ba9-4e8b-b8e4-1c8ca6eebe8c,0ebb62af-f47d-4c9f-a3ac-f41834e0a2b9,2453,3/17/2025
542a6ee3-49a7-40dc-8bff-926e7e732688,507fca07-2e1d-4b1f-93b7-625ae80843c7,79929588-7af9-4046-a39a-52feee2415e4,1987,3/1/2025
29f5997d-0eb4-4835-8157-981a47e3cbd3,fb1720e6-3c49-4d61-8bb2-e33f07174145,79929588-7af9-4046-a39a-52feee2415e4,4079,7/8/2025
73c2e738-dfdb-409e-aee7-d41a22132840,3a77e105-2633-41b3-90ec-9c9daed96ea3,bb62fb14-2fdc-4944-ac60-8a2d933d71aa,4595,5/7/2025
0891880b-d3b0-419b-91a1-dcf26b2ec6e9,2e6a3d7c-5c24-4e57-94a6-d54a1c73afcc,de332974-fe7a-4fbc-8cfc-7ff5c02b7a02,5602,4/8/2025
4bbb780d-24c9-4301-b492-60d161a93fcb,b53bbc04-f296-4e38-b8bc-648bdaf1d489,a3d7486c-6628-42e7-8a54-f326ba5f6775,1056,12/27/2024
973613db-1018-47f2-a753-9510fa1589d7,ea1764e1-2dc6-41d6-ae40-ac97cbd0b9cc,11393531-e33a-4a41-a5d9-518cd668ba71,5757,7/16/2025
92878a2b-1648-4050-87e7-d2e1e6f2236e,c9d631ef-dd15-4652-be93-5137cadbb7fa,79929588-7af9-4046-a39a-52feee2415e4,1893,6/25/2025
18c430ec-91cc-48a5-ad2a-772b4726af90,63f16e7b-0b02-4a08-b33a-70c4c015b709,153ff855-cd4e-41f7-9232-d0d2c3a514a4,851,8/30/2025
2cdb7587-4382-4353-bd06-b563af1e3cda,62e66c3a-fa44-42c2-9c56-5365da07db84,a3d7486c-6628-42e7-8a54-f326ba5f6775,4069,12/26/2024
c7fc1051-4823-4606-81bd-07cdfc2068a7,753d7061-dd9b-4430-8fc6-ec91db74092c,2cbb0044-f5b8-49fd-929b-9d2ef0526033,5966,7/2/2025
3c90aac4-287a-4f6a-bd9f-d5ece937d4e9,bb813c12-f0f8-491f-aab6-597f9a362e15,79929588-7af9-4046-a39a-52feee2415e4,10285,5/17/2025
7c4e75a4-aad0-4612-aa15-9f2a98dc5eca,463b9924-4723-450d-91ea-8232540cf088,5fb6ac68-bf51-41a0-a82f-a9a85e494079,6695,2/17/2025
5787aa61-8a21-4dae-9b13-891242932087,3eb9e753-9c15-4c10-b707-a789c06740b0,b921a687-1b4f-43a3-9fb6-ad8233b1e9ed,2563,10/2/2025
8f865e27-cf40-4445-bf79-1bb1b511da60,6d57e845-fdc9-4f75-ab22-db9fa2d4c935,b921a687-1b4f-43a3-9fb6-ad8233b1e9ed,5103,1/25/2025
4c96cf33-d310-4e4d-8abc-0872193f1479,9c5f362e-ac5b-4aba-870c-907f357c5350,a155ec1d-c375-47e3-865a-e154f17a3ced,8850,6/22/2025
9b8a3b60-85e0-441b-ad6b-5d1b7a068caf,7142b4d2-149b-4f07-ab5c-cb7a16e3b778,76c91bb9-8fc0-465c-8ec7-5716c05004a8,3149,3/30/2025
45c6e670-b883-44d8-91e6-03a87733451a,abc271b9-a8f0-4349-b049-9ec271dd6ed2,14de0956-48d5-4aac-a4ed-5353150ae13c,8425,7/2/2025
72095c8e-da98-48ed-9265-807200e728d4,30d62126-a0f7-4ed3-ae04-e6ce84fe1698,ac285fd8-a4a1-40ac-8286-c8d6173f057a,4285,4/3/2025
810a231d-eb3f-4e16-8fb2-a9bc967a6bca,08bc0dac-a0b6-4730-9816-da45368d9de9,76c91bb9-8fc0-465c-8ec7-5716c05004a8,6448,11/23/2025
f1d09e52-850d-414a-91a5-b2f9d961f9b9,1d17f2d9-26d3-4356-85bb-b7675023f008,11c14be1-13ce-48a1-bd33-0830cca9c4da,3338,9/28/2025
41bcdb23-d85a-48b7-848f-7a51c27fc08c,59b4dc83-7436-4c9f-a90a-2d0248f7e170,a155ec1d-c375-47e3-865a-e154f17a3ced,6485,6/23/2025
f020d16f-2ce5-484d-97c0-386ed4186355,ac3e8610-a7ae-4490-bb03-012243092a8e,a155ec1d-c375-47e3-865a-e154f17a3ced,5186,5/22/2025
bcf03ca0-96e6-4b23-9836-af85b6a153d0,6ec4886d-a6d1-469e-8542-11e3b7a5c7d3,b921a687-1b4f-43a3-9fb6-ad8233b1e9ed,4361,9/18/2025
7dda5006-06f1-4b75-b254-cc01c03afaef,4fe6c49f-787f-4aa8-b54e-d7f9440aa8aa,639f899b-a662-4a29-841e-bb2e7bb1ea8f,8358,2/1/2025
5dc3e243-2b65-42e6-a33a-9bb4d7c52963,6a823099-6b6e-40f4-bae4-3a5bb7e4cf1a,5fb6ac68-bf51-41a0-a82f-a9a85e494079,2706,1/13/2025
cdf81592-2a7b-4354-a42d-62f39340bd15,98ad6824-d212-4b15-8115-92ed3417f859,19bbe416-4c3e-4fc7-a43d-a3348f55a09e,2560,3/19/2025
cc94376d-1271-4774-b70a-6b7a498db80c,80eabc49-bd17-4ab0-87f0-b0991c71b0f3,76c91bb9-8fc0-465c-8ec7-5716c05004a8,610,12/24/2024
a2eb01ef-5137-4167-935a-5735fde36ba7,a745e358-2ba9-4e8b-b8e4-1c8ca6eebe8c,2cbb0044-f5b8-49fd-929b-9d2ef0526033,3125,5/13/2025
3bb9cbba-63a2-4df6-8098-c5463e47c95e,34e4137b-3319-47ba-b3cd-82bd219aa67a,bb62fb14-2fdc-4944-ac60-8a2d933d71aa,4903,9/15/2025
eedad80b-86fd-4431-a7ed-31e181dbd780,68be634a-0097-4df8-a0d8-c08ad71b944a,bb62fb14-2fdc-4944-ac60-8a2d933d71aa,4252,4/15/2025
26bc8c96-800d-4ddd-8176-ca28c69465a3,e48aa82d-ae66-4347-ba19-11816e60bc79,2cbb0044-f5b8-49fd-929b-9d2ef0526033,5361,11/3/2025
92b809a5-c1b8-47b5-b00e-e1ba21651f82,7fdd0e6d-0790-4885-9664-7b4d75e494a8,153ff855-cd4e-41f7-9232-d0d2c3a514a4,8831,12/10/2024
42174c4a-3caa-45ef-b631-74cf4124bfee,c5b682b5-cd82-4a5c-991c-a347f519e960,bb62fb14-2fdc-4944-ac60-8a2d933d71aa,4653,6/18/2025
495d7fff-895c-40da-bcc9-c8194a75986b,aec09536-bdbe-42bc-8d31-b5e4aa76dd60,14de0956-48d5-4aac-a4ed-5353150ae13c,6168,1/8/2025
423d2bcf-d48f-4f7d-8097-1ce0e4e97932,defd65dd-0886-4584-b473-0a060c80dc20,ac285fd8-a4a1-40ac-8286-c8d6173f057a,9330,6/2/2025
2ae2461f-8dc9-44a3-bd3d-f21dec03c703,866632e2-92f5-4a6e-9cbe-85ad4ca08289,2cbb0044-f5b8-49fd-929b-9d2ef0526033,3465,4/26/2025
32804a1d-c8c6-4d1e-a62f-2258be4a8690,ee499f28-702c-4480-9fcb-ae5089c3152b,0ebb62af-f47d-4c9f-a3ac-f41834e0a2b9,4203,12/17/2024
87dcbc5f-a20c-4aeb-a99b-038fe9268e53,db6b93bf-ec01-4940-896c-82e78292787c,d3a5488c-25f9-4dad-93b7-df54b25937b8,11248,2/14/2025
81fc5e27-0885-4c7d-8952-10cdc9f0fcec,50458072-4d51-487a-9598-8b2b8febd67a,de332974-fe7a-4fbc-8cfc-7ff5c02b7a02,3663,1/22/2025
e7099346-c879-4ccf-ab40-dcd4a5f00bfe,42563e56-1f7e-405d-b4f2-30f7ca0e9758,6043eaa5-7735-4261-bac1-d7410c96f034,2940,6/13/2025
d84aa257-6316-4582-8c85-6b06d764cf1e,85ceac60-49e8-4b6a-b723-7d8e8a395c85,ac285fd8-a4a1-40ac-8286-c8d6173f057a,6326,6/28/2025
337ae369-c906-4591-badc-76918a2bc56a,abc271b9-a8f0-4349-b049-9ec271dd6ed2,11393531-e33a-4a41-a5d9-518cd668ba71,6540,6/15/2025
ad6f3d5c-d673-4234-95e0-f87fbc1c9038,866632e2-92f5-4a6e-9cbe-85ad4ca08289,11c14be1-13ce-48a1-bd33-0830cca9c4da,4086,1/25/2025
b572ec93-9369-4f14-a66e-353c2929d27c,cf584ea5-7ccb-4052-818e-bb06802ac4a5,6043eaa5-7735-4261-bac1-d7410c96f034,6531,3/25/2025
17831b36-668c-47c1-863d-6810c331811d,e48aa82d-ae66-4347-ba19-11816e60bc79,639f899b-a662-4a29-841e-bb2e7bb1ea8f,5318,10/4/2025
c65bf7ab-09fa-4d33-95dd-92dddaff1c76,13c46dc4-832f-4805-82d0-02aaec717f00,b921a687-1b4f-43a3-9fb6-ad8233b1e9ed,2359,3/22/2025
8af63b7e-b602-4edd-85ea-b9e3dc965cd8,55911bf7-a1ee-44b9-b4c9-4ef3bc263781,2cbb0044-f5b8-49fd-929b-9d2ef0526033,3944,1/22/2025
262fc70e-edee-461e-9be9-33c218783f1b,991cf895-5dfc-44c6-a83f-1a6330be68d2,2cbb0044-f5b8-49fd-929b-9d2ef0526033,1953,10/8/2025
fae3674a-1530-4df8-aecf-c17cb7398819,374b3178-dd6f-47d6-b329-490be7074b33,d3a5488c-25f9-4dad-93b7-df54b25937b8,5260,10/5/2025
f1c9c0f3-ae38-4d8c-b85c-2596fa425768,e203deb7-9fd9-45d7-bb6a-4edbd0a939a9,de332974-fe7a-4fbc-8cfc-7ff5c02b7a02,4590,1/17/2025
6f53da30-6a78-4b44-9ec1-2f50658f292a,defd65dd-0886-4584-b473-0a060c80dc20,11393531-e33a-4a41-a5d9-518cd668ba71,9704,1/14/2025
17c670ee-6c74-4d87-bb07-ee09f6fd1171,1bee3722-f91c-4193-b74f-25b0bf21eb73,ac285fd8-a4a1-40ac-8286-c8d6173f057a,5620,11/13/2025
752a54e6-9c1a-46a3-b24c-510a0bf4a69e,8a025000-8b95-46e9-be3a-0cfeb03a80e5,5fb6ac68-bf51-41a0-a82f-a9a85e494079,8735,12/8/2024
45c3314c-dec8-4c0d-8af2-252ed09593e6,14865bac-e5d3-47a5-bab9-cddf6271730f,19bbe416-4c3e-4fc7-a43d-a3348f55a09e,1499,7/30/2025
364347b1-b6b6-449a-9550-20d8a6a39eab,7d96d5bc-4e84-406b-902a-85782266591b,11393531-e33a-4a41-a5d9-518cd668ba71,9537,5/21/2025
cab97005-513e-44fb-ad13-569a841d1a02,a2dcfcf7-abef-4189-b44f-ecf6e6fafd8a,1b2529fc-0ef1-433b-9d87-a2df61c453fc,7053,12/14/2024
b1928a50-d751-4e89-ac86-5cad7eb91b50,183ba217-29fc-4543-99e0-9a9eb865003c,a155ec1d-c375-47e3-865a-e154f17a3ced,3252,2/13/2025
e1c47d9d-21d8-4e47-ae05-3503b5b960ae,1103feca-e936-438c-a2e8-dcd00e361683,79929588-7af9-4046-a39a-52feee2415e4,7963,10/22/2025
ff31982a-976b-4a8c-a6d1-9fa15eab418e,51236176-6b61-45ea-905d-bc8e74559431,153ff855-cd4e-41f7-9232-d0d2c3a514a4,4088,11/12/2025
8390d923-4597-44bc-91b8-696060aa25df,3c99ed93-bf2e-4b2e-b3fe-3afe74dc6c17,bb62fb14-2fdc-4944-ac60-8a2d933d71aa,6564,4/3/2025
427a45c5-e906-43dd-b1d7-fa654a80a62d,f6303302-51fa-42dc-8aec-e0c9bf8bbbb9,1b2529fc-0ef1-433b-9d87-a2df61c453fc,2279,12/15/2024
8b5b61f4-5a5c-4f68-9e5d-8a09f1444eda,f72fdaea-0842-4853-abcf-8c5d32879ee9,153ff855-cd4e-41f7-9232-d0d2c3a514a4,7979,9/19/2025
d956a1f5-4a18-42b5-a70c-d82e1cce281c,76ab1c95-3b26-4f7d-b623-7f6866cb538e,6dee7224-0cd4-405a-a0de-163ee91b0685,2042,12/30/2024
1d4f74d2-ed33-4dbf-8538-0cbfd320cf47,135f3f04-a540-4a30-93e3-c7113cfd8525,2cbb0044-f5b8-49fd-929b-9d2ef0526033,4669,11/24/2025
940a4c3d-6135-495e-8233-3bfafe371919,51236176-6b61-45ea-905d-bc8e74559431,a155ec1d-c375-47e3-865a-e154f17a3ced,3133,5/7/2025
aebe2ad7-6655-4d89-ab11-d4aa75e1afbe,3c99ed93-bf2e-4b2e-b3fe-3afe74dc6c17,6043eaa5-7735-4261-bac1-d7410c96f034,6124,1/27/2025
ba35d498-990f-470a-a747-b8a694523815,3093268e-1a7d-4beb-a982-3b4a25a489af,153ff855-cd4e-41f7-9232-d0d2c3a514a4,2375,9/10/2025
fcfb1f7e-39d3-42ef-ba7c-4530287fa3b6,0670b1e7-d559-4168-9313-a2dbf771b0b2,b921a687-1b4f-43a3-9fb6-ad8233b1e9ed,2366,2/2/2025
301db02a-08ba-46fb-ac68-9c436902e8b5,93882a3d-f113-454e-a881-e61d02c47748,19bbe416-4c3e-4fc7-a43d-a3348f55a09e,3463,9/12/2025
fe5b6ff0-2caf-4f60-b5d2-3bc90ad2e170,0c3841b5-b3aa-4cce-84d0-7d9555a92dac,79929588-7af9-4046-a39a-52feee2415e4,3880,3/26/2025
ccc0eed8-5505-46d5-8bed-873c6948689e,53bf425b-f6d9-4e63-9d22-a87d75f28683,0ebb62af-f47d-4c9f-a3ac-f41834e0a2b9,3831,8/11/2025
d1806d05-6381-4a00-aa22-9b0e329efeda,07076644-341d-4129-9645-d6555f955166,b921a687-1b4f-43a3-9fb6-ad8233b1e9ed,8683,10/7/2025
168d8526-54e5-4b4f-9a4b-b3e5beb3b5cd,be21eec2-b6d7-4634-b0ae-800ef1eb2817,6dee7224-0cd4-405a-a0de-163ee91b0685,3335,12/23/2024
fc510767-aeaa-4c89-b207-35a98b76dbc6,0ec6e3fd-a86b-4e30-be44-0b5c6aa1fd62,14de0956-48d5-4aac-a4ed-5353150ae13c,6320,4/7/2025
d3d0b246-f6e6-4360-ab77-3dcd54615f7d,0c3841b5-b3aa-4cce-84d0-7d9555a92dac,a3d7486c-6628-42e7-8a54-f326ba5f6775,3732,8/27/2025
77c6ccaa-987f-4206-a20b-1086c1ed927e,1e81eb39-a411-482c-8727-980a48fabf8e,14de0956-48d5-4aac-a4ed-5353150ae13c,9597,4/24/2025
b3f2c16d-5b4e-44c3-9eb8-9e33e1080179,c1b0fe75-b72d-49a3-bd39-ec709f4fdf10,a155ec1d-c375-47e3-865a-e154f17a3ced,7538,4/30/2025
9d6c3c87-14a4-4e6d-8441-dab4b7dcf4d2,a4f9149e-a8f9-469a-9a7d-d798d5195c37,a3d7486c-6628-42e7-8a54-f326ba5f6775,5405,3/11/2025
d3aacb68-9f34-4423-9f81-1344f37156e9,9ec6c897-a18f-4343-a31c-ebda198a8e3a,1b2529fc-0ef1-433b-9d87-a2df61c453fc,7451,1/29/2025
da635fdd-bb41-4b22-b3d3-e35da9034997,1e70ee2d-b768-4781-938b-e819dac11fc0,a155ec1d-c375-47e3-865a-e154f17a3ced,2046,3/18/2025
72b1eee6-9cfb-4ee4-8585-51c4900a2ffd,8b146d98-0297-4a54-9c61-4900337cf80c,2cbb0044-f5b8-49fd-929b-9d2ef0526033,5015,8/16/2025
3e05ef7b-3d96-4cf5-b3ac-c75e5a9a0653,63f16e7b-0b02-4a08-b33a-70c4c015b709,5fb6ac68-bf51-41a0-a82f-a9a85e494079,2441,3/7/2025
e8e64bd7-f74d-43ad-9501-634cef5e5125,f8b2a9fc-d380-42f1-8ccc-9ecd78589e60,a3d7486c-6628-42e7-8a54-f326ba5f6775,4969,2/26/2025
bd392712-0a92-4fe5-89e1-c8c5f333820f,d14b4614-0e58-40a6-a1a9-86b3b400de04,b921a687-1b4f-43a3-9fb6-ad8233b1e9ed,5346,6/23/2025
366b13c2-d6a0-4fe1-a7c3-6143c8ef8cc0,14865bac-e5d3-47a5-bab9-cddf6271730f,79929588-7af9-4046-a39a-52feee2415e4,1765,7/26/2025
c1e5daa3-f079-4066-9ee3-5a35d6fb24dd,22a0d2b8-da42-4729-b2b4-0739ad40d91c,a3d7486c-6628-42e7-8a54-f326ba5f6775,3447,10/10/2025
