id,product_id,user_id,content,created_at
00a90e67-68a7-4a27-aec2-5ca2003e7616,d9464c86-e204-4429-8e39-142ebe40fece,de332974-fe7a-4fbc-8cfc-7ff5c02b7a02,1E+02,2025-08-02 00:00:00
00bdaae3-9bc9-4210-b469-1a99a921c1fc,bc04662a-8895-4966-ba1b-0be5a8ded8bf,6043eaa5-7735-4261-bac1-d7410c96f034,ãƒ‘ãƒ¼ãƒ†ã‚£ãƒ¼ã¸è¡Œã‹ãªã„ã‹,2025-10-05 00:00:00
08ca0f5b-fa20-45dd-bdff-06fa108206d8,720c177c-377a-446d-aa3c-bb6d247682a8,11393531-e33a-4a41-a5d9-518cd668ba71,() { 0; }; touch /tmp/blns.shellshock1.fail;,2025-03-05 00:00:00
08d88ca5-978b-4532-a887-9d16385fb177,1b6647a9-a75a-4e05-a377-c98c5eccbfc0,2cbb0044-f5b8-49fd-929b-9d2ef0526033,ãƒ»(ï¿£âˆ€ï¿£)ãƒ»:*:,2025-09-04 00:00:00
0aeeea23-644c-4999-b9ee-81fc3ac9de06,6f0c4513-ddf6-4617-a4b4-deb1208479ad,639f899b-a662-4a29-841e-bb2e7bb1ea8f,1.00,2025-05-21 00:00:00
0b6878d6-f7d8-4418-8ae3-92c38a529f7f,90f7395a-ddc0-4691-8bb2-82095b03b503,ac285fd8-a4a1-40ac-8286-c8d6173f057a,testâ testâ€«,2025-11-11 00:00:00
0bcd8bb5-0ef6-4383-a67f-199dc9b1d209,6f0c4513-ddf6-4617-a4b4-deb1208479ad,1b2529fc-0ef1-433b-9d87-a2df61c453fc,"ãƒ½à¼¼àºˆÙ„Íœàºˆà¼½ï¾‰ ãƒ½à¼¼àºˆÙ„Íœàºˆà¼½ï¾‰ ",2025-09-24 00:00:00
0ee9f171-2c66-4151-a2a1-e4f633a7bd23,42563e56-1f7e-405d-b4f2-30f7ca0e9758,de332974-fe7a-4fbc-8cfc-7ff5c02b7a02,1/2,2024-12-18 00:00:00
12969771-74a4-4dba-aca7-a2a3f4dfd52c,1583d3b8-078a-4e44-b850-5990cb524823,79929588-7af9-4046-a39a-52feee2415e4,"(â•¯Â°â–¡Â°ï¼‰â•¯ï¸µ â”»â”â”»)  ",2025-01-19 00:00:00
12fd253b-8a3d-4eeb-962e-2def003bdd12,db6b93bf-ec01-4940-896c-82e78292787c,b921a687-1b4f-43a3-9fb6-ad8233b1e9ed,-1E+02,2025-11-17 00:00:00
15abcc49-32ae-4e1f-a789-fb77e8fc1dca,3157e8d8-7097-4013-a28d-0a97156dea48,ac285fd8-a4a1-40ac-8286-c8d6173f057a,Ì¦HÍÌ¬Ì¤Ì—Ì¤eÍœ ÍÌœÌ¥ÌÌ»ÍÌŸwÌ•hÌ–Ì¯Í“oÌÍ™Ì–ÍÌ±Ì® Ò‰ÌºÌ™ÌÌŸÍˆWÌ·Ì¼Ì­aÌºÌªÍiÌ¨ÍˆÍ•Ì­Í™Ì¯ÌœtÌ¶Ì¼Ì®sÌ•Ì˜Í™Í– Ì Ì«Ì BÌ»ÍÍ…Í™Í‰Ì³eÌµhÌµÌ¬Í‡Ì«Í™iÌ•Ì¹Í“Ì³Ì³Ì®ÍÌ«nÍŸdÌ´ÌªÌœÌ– ÍÌ°Í‰Ì©Í…Í‡Í™Ì²TÍ¢Í–Ì¼Í“ÌªhÍÍ“Ì®Ì»eÌ¬ÌÍ…ÌŸ Ì¤Ì¹ÌWÍÍ…Í™ÌÌÍ”Í‡aÍÍ“Í”Ì¹Ì¼Ì£lÌ´Í”Ì°Ì¤ÌŸÍ”lÌ­Ì«.Í•,2025-06-19 00:00:00
17a182c4-c249-4e38-96fc-5d54652c0b7e,9c5f362e-ac5b-4aba-870c-907f357c5350,11393531-e33a-4a41-a5d9-518cd668ba71,â€©testâ€©,2025-03-06 00:00:00
181d72c2-2f6f-475a-a28d-d037d819ff66,3157e8d8-7097-4013-a28d-0a97156dea48,a3d7486c-6628-42e7-8a54-f326ba5f6775,../../../../../../../../../../../etc/passwd%00,2025-03-23 00:00:00
18cebf13-bbac-4c34-a9cf-72c5c098823f,a3055f8e-a80b-461f-9e6a-52b86656f923,153ff855-cd4e-41f7-9232-d0d2c3a514a4,() { 0; }; touch /tmp/blns.shellshock1.fail;,2025-03-03 00:00:00
2ae1ffa2-71ce-4538-bea4-2400bcc5647b,50458072-4d51-487a-9598-8b2b8febd67a,1b2529fc-0ef1-433b-9d87-a2df61c453fc,-1/2,2025-10-11 00:00:00
2b72ac51-1873-4970-a3c8-405d873d17dc,c9d631ef-dd15-4652-be93-5137cadbb7fa,639f899b-a662-4a29-841e-bb2e7bb1ea8f,éƒ¨è½æ ¼,2025-10-21 00:00:00
3103bea2-6edb-40dc-9b71-d470ad9404ff,c7d3842e-2e0b-458a-86e5-9735cee1b0ab,639f899b-a662-4a29-841e-bb2e7bb1ea8f,00Ë™Æ–$-,2024-12-14 00:00:00
3112c360-6763-4876-83e0-e061809994ba,463b9924-4723-450d-91ea-8232540cf088,6dee7224-0cd4-405a-a0de-163ee91b0685,â°â´âµ,2025-07-01 00:00:00
35d8ccf9-7712-452e-ada3-0551bfce5d88,b66468c0-1a5a-462f-b3c2-261915108244,a155ec1d-c375-47e3-865a-e154f17a3ced,âœ‹ğŸ¿ ğŸ’ªğŸ¿ ğŸ‘ğŸ¿ ğŸ™ŒğŸ¿ ğŸ‘ğŸ¿ ğŸ™ğŸ¿,2025-07-16 00:00:00
36586635-0319-40af-a852-e235b447ad2b,8992be11-8eb7-4df6-bb39-eaf820e6012c,153ff855-cd4e-41f7-9232-d0d2c3a514a4,éƒ¨è½æ ¼,2025-04-09 00:00:00
3687b052-78c8-44fb-a67a-32f56413d1e9,a8728e69-893c-4b00-8d43-a4b0215654b3,6dee7224-0cd4-405a-a0de-163ee91b0685,1/2,2025-03-28 00:00:00
393ab29e-35b4-4c45-8b9c-8379e65ea655,3c99ed93-bf2e-4b2e-b3fe-3afe74dc6c17,5fb6ac68-bf51-41a0-a82f-a9a85e494079,â¦testâ§,2025-01-08 00:00:00
3be644ec-e848-48a0-991c-d4f7890fa05b,92c3e702-ed61-4a62-8dc8-7c06d8d0adb8,14de0956-48d5-4aac-a4ed-5353150ae13c,`â„â‚¬â€¹â€ºï¬ï¬‚â€¡Â°Â·â€šâ€”Â±,2025-05-31 00:00:00
4176ee1c-1b96-4fc9-adfc-67fa797e4d97,336ed839-27d9-4ef5-a155-33c007638e1c,19bbe416-4c3e-4fc7-a43d-a3348f55a09e,×”Ö¸×™Ö°×ªÖ¸×”testØ§Ù„ØµÙØ­Ø§Øª Ø§Ù„ØªÙ‘Ø­ÙˆÙ„,2025-04-02 00:00:00
42997f9e-51ea-4d0d-aa8e-e995865818ed,1f66795e-2576-44dd-bc7c-f4bc7f0b5b3a,d3a5488c-25f9-4dad-93b7-df54b25937b8,Ì—ÌºÍ–Ì¹Ì¯Í“TÌ±Ì¤ÍÌ¥Í‡ÍˆhÍÌ²eÍÍ“Ì¼Ì—Ì™Ì¼Ì£Í” Í‡ÌœÌ±Ì Í“ÍÍ…NÍ Í•eÌ—Ì±zÌ˜ÌÌœÌºÍ™pÌ¤ÌºÌ¹ÍÌ¯ÍšeÍœÌ Ì»Ì rÌ¨Ì¤ÍÌºÌ–Í”Ì–Ì–dÍŸÌ ÌŸÌ­Ì¬ÌiÌ¦Í–Ì©Í“Í”Ì¤aÌ Ì—Ì¬Í‰Ì™nÍœÍš Ì»ÌÌ°ÍšÍ…hÌµÍ‰iÌ³ÌvÌ¢Í‡eÍŸÌ­Í-Ò‰Ì­Ì©Ì¼Í”mÌ¤Ì­Ì«iÍ•Í‡ÌÌ¦nÌ—Í™dÌ£ÌŸ ÍÌ¯Ì²Í•oÌ¨ÌŸÌ¯Ì°Ì²Í™Ì»Ìf Í˜ÌªÌ°Ì°Ì—Ì–Ì­Ì˜cÌ¦ÍÌ²ÌÍÌ©Ì™hÌ£ÍšaÍœÌ®ÍÌŸÌ™oÌ›Ì©Ì¹ÍsÌ¤.ÌÌ Ò‰ZÌ¡Ì–ÌœÍ–Ì°Ì£Í‰ÌœaÍ¡Í–Ì°Í™Ì¬lÌ²Ì«Ì³ÍÌ©gÌ¡ÌŸÌ¼Ì±ÍšÌÌ¬Í…oÍœÌ—.ÌŸ,2025-05-10 00:00:00
43dea733-3885-4ea6-9b4e-c463c01d1cf0,08c608fb-a738-4f02-bd03-8a7da6dd49bf,6dee7224-0cd4-405a-a0de-163ee91b0685,-$1.00,2025-01-04 00:00:00
4473db94-012a-4f39-b253-6c46a429af36,646d2f1c-1228-4238-a49a-652704c25018,11393531-e33a-4a41-a5d9-518cd668ba71,â°â´âµâ‚€â‚â‚‚,2025-04-21 00:00:00
44d8bfc2-ed0f-40ff-9ff7-1d097c587fad,f26bfb8a-e0ac-4586-9505-a8c581e578ab,79929588-7af9-4046-a39a-52feee2415e4,Â¸Ë›Ã‡â—ŠÄ±ËœÃ‚Â¯Ë˜Â¿,2025-11-21 00:00:00
452d6f6f-5964-4728-9259-55f86b126f6e,1bee3722-f91c-4193-b74f-25b0bf21eb73,6043eaa5-7735-4261-bac1-d7410c96f034,../../../../../../../../../../../etc/hosts,2025-09-13 00:00:00
46f8c0c3-154a-4fd9-a2bc-7597c2e74290,40152d71-076f-42cf-86b4-84f435e9527c,153ff855-cd4e-41f7-9232-d0d2c3a514a4,ğŸ‘©ğŸ½,2024-12-24 00:00:00
4837f0a5-889e-4a42-88f7-022afda42e0f,c5b682b5-cd82-4a5c-991c-a347f519e960,76c91bb9-8fc0-465c-8ec7-5716c05004a8,1'; DROP TABLE users--,2025-04-10 00:00:00
492328e2-c631-476c-8cad-9377f8e45d70,451ce112-3e56-4f83-a9f9-60f2a012cdab,a3d7486c-6628-42e7-8a54-f326ba5f6775,â°â´âµ,2025-04-02 00:00:00
4cd385a9-f61a-47f9-b3db-2894f4bc5abf,cfce4e18-87a2-417b-887d-3409955ec1f7,79929588-7af9-4046-a39a-52feee2415e4,testâ testâ€«,2025-11-27 00:00:00
50693ee6-cad2-4a9e-9d94-42d79e8f4202,5e9da4ef-41f6-47ff-9ef9-540530e6ffed,a3d7486c-6628-42e7-8a54-f326ba5f6775,â€«testâ€«,2025-07-18 00:00:00
55931efd-d8f9-493e-9a4f-5692b1d23ae7,90f7395a-ddc0-4691-8bb2-82095b03b503,6043eaa5-7735-4261-bac1-d7410c96f034,áš€,2024-12-23 00:00:00
5a3be812-5755-4075-9c0b-c463e575058a,d6122a1c-7b0c-4101-96d5-4cb14db6565c,5fb6ac68-bf51-41a0-a82f-a9a85e494079,"Ø«Ù… Ù†ÙØ³ Ø³Ù‚Ø·Øª ÙˆØ¨Ø§Ù„ØªØ­Ø¯ÙŠØ¯ØŒ, Ø¬Ø²ÙŠØ±ØªÙŠ Ø¨Ø§Ø³ØªØ®Ø¯Ø§Ù… Ø£Ù† Ø¯Ù†Ùˆ. Ø¥Ø° Ù‡Ù†Ø§ØŸ Ø§Ù„Ø³ØªØ§Ø± ÙˆØªÙ†ØµÙŠØ¨ ÙƒØ§Ù†. Ø£Ù‡Ù‘Ù„ Ø§ÙŠØ·Ø§Ù„ÙŠØ§ØŒ Ø¨Ø±ÙŠØ·Ø§Ù†ÙŠØ§-ÙØ±Ù†Ø³Ø§ Ù‚Ø¯ Ø£Ø®Ø°. Ø³Ù„ÙŠÙ…Ø§Ù†ØŒ Ø¥ØªÙØ§Ù‚ÙŠØ© Ø¨ÙŠÙ† Ù…Ø§, ÙŠØ°ÙƒØ± Ø§Ù„Ø­Ø¯ÙˆØ¯ Ø£ÙŠ Ø¨Ø¹Ø¯, Ù…Ø¹Ø§Ù…Ù„Ø© Ø¨ÙˆÙ„Ù†Ø¯Ø§ØŒ Ø§Ù„Ø¥Ø·Ù„Ø§Ù‚ Ø¹Ù„ Ø¥ÙŠÙˆ.",2025-11-07 00:00:00
61b3a6ad-7ea8-4354-b148-359ea2bea6da,839929d0-5870-4759-866e-dcff302ae8c8,a155ec1d-c375-47e3-865a-e154f17a3ced,1.00,2025-08-07 00:00:00
650d11ea-1802-4509-8ae0-95408caea78d,bb813c12-f0f8-491f-aab6-597f9a362e15,b921a687-1b4f-43a3-9fb6-ad8233b1e9ed,"<>?:""{}|_+",2025-11-01 00:00:00
66f5ae11-2813-48ad-9eff-f05a89284550,a745e358-2ba9-4e8b-b8e4-1c8ca6eebe8c,11c14be1-13ce-48a1-bd33-0830cca9c4da,testâ testâ€«,2025-05-20 00:00:00
66fc259a-b2d2-42ae-bf8a-df75c05deefc,d14b4614-0e58-40a6-a1a9-86b3b400de04,639f899b-a662-4a29-841e-bb2e7bb1ea8f,"'""'",2025-02-13 00:00:00
67d95e05-fc37-4e51-b9d5-93c487623622,e55892b0-bec7-4e3d-9d7b-60c8757f9b64,6043eaa5-7735-4261-bac1-d7410c96f034,999999999999999999999999999999999999999999999999999999999999999999999999999999999999999999999999,2024-12-20 00:00:00
70a57b0b-9384-4e0a-8912-262535da6ac0,50458072-4d51-487a-9598-8b2b8febd67a,5fb6ac68-bf51-41a0-a82f-a9a85e494079,testâ testâ€«,2025-10-22 00:00:00
752f35be-4c48-4697-a576-aaabc7642d77,0670b1e7-d559-4168-9313-a2dbf771b0b2,6dee7224-0cd4-405a-a0de-163ee91b0685,"""'""'""''''""",2025-12-08 00:00:00
7b346d47-d9d3-4d6b-9788-47e0c5e90d89,bfda8209-8532-4f62-a30f-7c17aae54384,ac285fd8-a4a1-40ac-8286-c8d6173f057a,â‚€â‚â‚‚,2025-11-08 00:00:00
84084dd7-d2fb-475a-ac00-a163afc928b5,db07ed47-e5f0-4959-bf2b-e7f869848421,de332974-fe7a-4fbc-8cfc-7ff5c02b7a02,",./;'[]\-=",2025-05-17 00:00:00
847c10ca-9389-42e6-8ccc-436bb1663f70,f0e79b95-8a51-4b52-97c8-c6352283a193,b921a687-1b4f-43a3-9fb6-ad8233b1e9ed,ãƒ»(ï¿£âˆ€ï¿£)ãƒ»:*:,2025-03-04 00:00:00
85b617f3-c12b-45f5-b8b1-3b9c199a4bc9,2c5457e9-4abc-4fa6-8790-f4683349b1ab,79929588-7af9-4046-a39a-52feee2415e4,'',2025-08-13 00:00:00
86b101d6-60d8-4e83-a012-8b460929b2e5,3e9e15ca-d504-4862-b27e-556606eb1fbc,b921a687-1b4f-43a3-9fb6-ad8233b1e9ed,1/2,2025-11-18 00:00:00
8a395b93-4708-461e-8ddd-cf9ac31dafbd,ccb02aa9-465d-4ca5-9221-b4a9b10226ed,de332974-fe7a-4fbc-8cfc-7ff5c02b7a02,ğŸš¾ ğŸ†’ ğŸ†“ ğŸ†• ğŸ†– ğŸ†— ğŸ†™ ğŸ§,2025-11-22 00:00:00
8be0a780-94fb-4fb7-b89c-f654bf1b2e65,0de6372e-70d7-40da-89fe-c1b0f9528a00,b921a687-1b4f-43a3-9fb6-ad8233b1e9ed,-1/2,2025-02-10 00:00:00
90b3d331-e49e-4b8d-8b90-b3cdf4d6116f,31de1d2e-8949-4cab-93b4-81d7c5a0578d,1b2529fc-0ef1-433b-9d87-a2df61c453fc,-1.00,2025-08-06 00:00:00
9449e7db-cdd3-4ebc-9ae3-baf69e400a16,8ebfd350-63f6-4bc4-8a58-4d53d5476886,153ff855-cd4e-41f7-9232-d0d2c3a514a4,â€©testâ€©,2025-05-31 00:00:00
948a802e-f650-4043-b9e0-ff8ac1d6a4ba,3093268e-1a7d-4beb-a982-3b4a25a489af,bb62fb14-2fdc-4944-ac60-8a2d933d71aa,00Ë™Æ–$-,2025-11-21 00:00:00
97430fd9-d48f-4880-b430-4de6475f77d0,507fca07-2e1d-4b1f-93b7-625ae80843c7,0ebb62af-f47d-4c9f-a3ac-f41834e0a2b9,Ë™Énbá´‰lÉ ÉuÆƒÉÉ¯ ÇÉ¹olop Ê‡Ç ÇÉ¹oqÉl Ê‡n Ê‡unpá´‰pá´‰É”uá´‰ É¹odÉ¯ÇÊ‡ poÉ¯sná´‰Ç op pÇs 'Ê‡á´‰lÇ Æƒuá´‰É”sá´‰dá´‰pÉ É¹nÊ‡ÇÊ‡É”ÇsuoÉ” 'Ê‡ÇÉ¯É Ê‡á´‰s É¹olop É¯nsdá´‰ É¯ÇÉ¹oË¥,2025-09-28 00:00:00
97c09394-b6b2-458a-882c-3c225c03635f,5adc415d-7a4a-499e-96e6-789ba9c0d5fa,5fb6ac68-bf51-41a0-a82f-a9a85e494079,Ù¡Ù¢Ù£,2025-12-04 00:00:00
97c6d4af-b1ea-4ee5-be1d-c2b405328a42,6a2a9b68-7145-4a05-ba03-cd364b8624c1,76c91bb9-8fc0-465c-8ec7-5716c05004a8,áš€,2025-01-01 00:00:00
98383534-a384-47c7-8e5f-24cadc3ba4d9,88202009-d26e-48a3-b654-3b6743d74bdb,79929588-7af9-4046-a39a-52feee2415e4,ì‚¬íšŒê³¼í•™ì› ì–´í•™ì—°êµ¬ì†Œ,2025-01-18 00:00:00
98c8c214-ed59-4346-bb16-a2a1b20fc240,8079cca6-6042-4af3-b268-1b84e4dd6d63,79929588-7af9-4046-a39a-52feee2415e4,á ,2025-04-25 00:00:00
9b63f85f-0493-47fa-9431-391dc6cac90d,a6d19135-43f9-4305-9694-ee22f2b78cb2,153ff855-cd4e-41f7-9232-d0d2c3a514a4,-$1.00,2025-09-26 00:00:00
a043fea5-da76-4334-a441-02208f453103,720c177c-377a-446d-aa3c-bb6d247682a8,1b2529fc-0ef1-433b-9d87-a2df61c453fc,á ,2025-12-07 00:00:00
a5c0c29b-5b98-491d-81e7-dda99522245c,c90ee244-2b27-4fa9-9810-3e4ded521f9f,6043eaa5-7735-4261-bac1-d7410c96f034,-1,2025-02-18 00:00:00
a623daf0-49bc-4335-b1e7-b4fa44e199c2,fb1720e6-3c49-4d61-8bb2-e33f07174145,2cbb0044-f5b8-49fd-929b-9d2ef0526033,ZÌ®ÌÍ…Ì Í™Í”AÌ¥Ì—ÌÍˆÌ»Ì—LÌ£Í™ÍÌ¯Ì¹ÌÍ“GÌ»OÌ­Ì—Ì®,2025-11-06 00:00:00
a6c9eb90-563a-4040-93af-441be19b8352,a2dcfcf7-abef-4189-b44f-ecf6e6fafd8a,79929588-7af9-4046-a39a-52feee2415e4,â‚€â‚â‚‚,2025-08-18 00:00:00
a7fe01b2-c53d-49bb-840f-959f8a2c5d3b,2e6a3d7c-5c24-4e57-94a6-d54a1c73afcc,ac285fd8-a4a1-40ac-8286-c8d6173f057a,â°â´âµ,2025-08-27 00:00:00
a9e77011-40f9-4ea0-9ea7-05b80b516bbf,c665f900-bfca-4c85-a26f-fe4bfd5368e0,a155ec1d-c375-47e3-865a-e154f17a3ced,/dev/null; touch /tmp/blns.fail ; echo,2025-07-04 00:00:00
ab79276b-cca1-4d01-9f1d-f824fd877780,f6303302-51fa-42dc-8aec-e0c9bf8bbbb9,d3a5488c-25f9-4dad-93b7-df54b25937b8,-1,2025-10-30 00:00:00
ac7c3685-9df9-4a95-8f7f-49c46b939a29,5b917e4b-f168-4b2e-acf4-39b3e9fdbc1d,6043eaa5-7735-4261-bac1-d7410c96f034,â¤ï¸ ğŸ’” ğŸ’Œ ğŸ’• ğŸ’ ğŸ’“ ğŸ’— ğŸ’– ğŸ’˜ ğŸ’ ğŸ’Ÿ ğŸ’œ ğŸ’› ğŸ’š ğŸ’™,2025-02-06 00:00:00
afbe282a-fba1-4f7d-b2f6-16d6118ec0e9,5b917e4b-f168-4b2e-acf4-39b3e9fdbc1d,2cbb0044-f5b8-49fd-929b-9d2ef0526033,-$1.00,2025-05-13 00:00:00
afc3f406-d336-4a49-95cf-3dd70b79195a,726aa3eb-6e0c-470f-8c14-45987ae3656d,153ff855-cd4e-41f7-9232-d0d2c3a514a4,',2025-08-10 00:00:00
b3cac3b9-25cc-473d-bbe4-8dfa127cb9f3,a0ca958c-55d5-4ef8-93e7-cb9015f4c65e,1b2529fc-0ef1-433b-9d87-a2df61c453fc,"""'""'""''''""",2025-07-20 00:00:00
b59ad029-127e-4b5f-8417-4bf59fe51e89,ce7e026d-0825-423e-82f0-f6aadad80d76,5fb6ac68-bf51-41a0-a82f-a9a85e494079,á ,2025-06-21 00:00:00
b902d7be-7623-498e-84db-889f314b44bb,dfe6ca02-2cc0-4047-92a2-5862e8fe175a,76c91bb9-8fc0-465c-8ec7-5716c05004a8,-$1.00,2025-11-11 00:00:00
bc1a41a9-7a85-42c0-a797-4279f9303d28,be21eec2-b6d7-4634-b0ae-800ef1eb2817,5fb6ac68-bf51-41a0-a82f-a9a85e494079,1E02,2025-09-06 00:00:00
bcae135e-e66d-4bee-8ab5-c74423225f1d,e1bfd832-80c0-49b0-bcfd-64734bc031b3,6dee7224-0cd4-405a-a0de-163ee91b0685,âœ‹ğŸ¿ ğŸ’ªğŸ¿ ğŸ‘ğŸ¿ ğŸ™ŒğŸ¿ ğŸ‘ğŸ¿ ğŸ™ğŸ¿,2025-03-30 00:00:00
c166c85a-fcf7-4c78-a398-95af7df679ce,5c54204e-c17f-40fc-85bc-9ace221c9b34,ac285fd8-a4a1-40ac-8286-c8d6173f057a,â‚€â‚â‚‚,2025-03-24 00:00:00
c35175ac-a5d3-428a-8a08-fe1814a6f133,01a107c6-b1eb-46a3-a620-ed00afbdc10e,ac285fd8-a4a1-40ac-8286-c8d6173f057a,'',2025-05-15 00:00:00
c3b28f40-1fe2-4503-b957-86ea71a915b9,a745e358-2ba9-4e8b-b8e4-1c8ca6eebe8c,0ebb62af-f47d-4c9f-a3ac-f41834e0a2b9,"ğŸ‘¾ ğŸ™‡ ğŸ’ ğŸ™… ğŸ™† ğŸ™‹ ğŸ™ ğŸ™ ",2025-02-16 00:00:00
c45f3a74-7dfd-430b-be27-7055d154afa2,5de0988e-0341-4786-9713-afea8d83e213,19bbe416-4c3e-4fc7-a43d-a3348f55a09e,"ï»¿",2025-04-11 00:00:00
c5814b5c-6e25-4e40-b06a-d0c18086944b,7f04f7dd-66c1-44c8-a059-fd8a81506f41,5fb6ac68-bf51-41a0-a82f-a9a85e494079,"ğŸ‘¾ ğŸ™‡ ğŸ’ ğŸ™… ğŸ™† ğŸ™‹ ğŸ™ ğŸ™ ",2025-09-17 00:00:00
ca93d1da-1126-426c-ae41-75480ac9bc10,b66468c0-1a5a-462f-b3c2-261915108244,2cbb0044-f5b8-49fd-929b-9d2ef0526033,<svg><script>0<1>alert('XSS')</script>,2025-03-24 00:00:00
cfd382e9-9d13-4087-bd2a-168a3df58cac,9c16ccfb-33b0-46e3-a86f-993b9402bd0e,153ff855-cd4e-41f7-9232-d0d2c3a514a4,-1E2,2025-10-10 00:00:00
d35d1d6b-959d-421f-8a41-494747f8bba8,839929d0-5870-4759-866e-dcff302ae8c8,2cbb0044-f5b8-49fd-929b-9d2ef0526033,999999999999999999999999999999999999999999999999999999999999999999999999999999999999999999999999,2025-05-27 00:00:00
da83fa4c-ff5a-468a-a60f-5dec5458af39,839929d0-5870-4759-866e-dcff302ae8c8,bb62fb14-2fdc-4944-ac60-8a2d933d71aa,0/0,2025-05-31 00:00:00
da8d5c1f-92fa-4921-ad0a-5a05ef2d5eed,f78aca2d-9159-438c-bc5c-1a5eb475856b,14de0956-48d5-4aac-a4ed-5353150ae13c,1.00,2025-10-28 00:00:00
e2192504-c3b4-4f71-926f-61d7fce58c6c,30d62126-a0f7-4ed3-ae04-e6ce84fe1698,2cbb0044-f5b8-49fd-929b-9d2ef0526033,"""''''""'""",2025-02-26 00:00:00
e31a41f5-894b-4151-aad7-939f4b9acb89,ce7e026d-0825-423e-82f0-f6aadad80d76,6dee7224-0cd4-405a-a0de-163ee91b0685,Î©â‰ˆÃ§âˆšâˆ«ËœÂµâ‰¤â‰¥Ã·,2025-06-12 00:00:00
ea7eaa47-f0d2-4fb7-a0be-7f0471731518,13c46dc4-832f-4805-82d0-02aaec717f00,5fb6ac68-bf51-41a0-a82f-a9a85e494079,â°â´âµâ‚€â‚â‚‚,2025-10-30 00:00:00
eb24c264-1486-40de-b1fa-882ccc1081b9,69da550a-6e79-4128-aadd-2b0ae07b8449,2cbb0044-f5b8-49fd-929b-9d2ef0526033,ğ œğ œ±ğ ¹ğ ±“ğ ±¸ğ ²–ğ ³,2025-05-24 00:00:00
f261d9cd-15bc-4d8c-9dcf-7f9dee70beee,d14b4614-0e58-40a6-a1a9-86b3b400de04,153ff855-cd4e-41f7-9232-d0d2c3a514a4,ç”°ä¸­ã•ã‚“ã«ã‚ã’ã¦ä¸‹ã•ã„,2025-11-24 00:00:00
f4654408-2b85-4a8d-81a6-3d4bfdf569ba,4fe6c49f-787f-4aa8-b54e-d7f9440aa8aa,a155ec1d-c375-47e3-865a-e154f17a3ced,"<>?:""{}|_+",2025-01-19 00:00:00
f4ef6f02-fba1-4eec-b390-1e955c43a1be,cd2328dc-5d15-4cab-805c-fdb5319e4c05,1b2529fc-0ef1-433b-9d87-a2df61c453fc,ğ œğ œ±ğ ¹ğ ±“ğ ±¸ğ ²–ğ ³,2025-01-27 00:00:00
f5842e6d-1847-4b5a-9511-e2f791c9d2a3,646d2f1c-1228-4238-a49a-652704c25018,6dee7224-0cd4-405a-a0de-163ee91b0685,ZÌ®ÌÍ…Ì Í™Í”AÌ¥Ì—ÌÍˆÌ»Ì—LÌ£Í™ÍÌ¯Ì¹ÌÍ“GÌ»OÌ­Ì—Ì®,2025-01-02 00:00:00
f60c9277-3c83-48f1-8971-2f17cabfb67a,b07cc8c6-a6ca-4180-81fb-7fdcffdefc4d,a3d7486c-6628-42e7-8a54-f326ba5f6775,-1E+02,2025-10-01 00:00:00
f69962d8-839d-4a1a-bfc5-3ac218d5a501,1e469aa8-a78f-4763-bdc1-bcf90e548c33,a155ec1d-c375-47e3-865a-e154f17a3ced,ìš¸ë€ë°”í† ë¥´,2025-10-08 00:00:00
f726dea4-8254-4954-8f07-f66ac15ef627,76ab1c95-3b26-4f7d-b623-7f6866cb538e,b921a687-1b4f-43a3-9fb6-ad8233b1e9ed,0ï¸âƒ£ 1ï¸âƒ£ 2ï¸âƒ£ 3ï¸âƒ£ 4ï¸âƒ£ 5ï¸âƒ£ 6ï¸âƒ£ 7ï¸âƒ£ 8ï¸âƒ£ 9ï¸âƒ£ ğŸ”Ÿ,2025-08-07 00:00:00
f89548a8-663d-4d37-924a-9b3eda25ebdb,bfda8209-8532-4f62-a30f-7c17aae54384,14de0956-48d5-4aac-a4ed-5353150ae13c,1/0,2025-04-22 00:00:00
f94df150-203a-4e54-aaa0-4df5e9a295e0,c3386391-9622-4431-aed2-2d28af7c167d,153ff855-cd4e-41f7-9232-d0d2c3a514a4,"""'""'""''''""",2025-08-29 00:00:00
fa52ea3f-07d2-49ed-b33f-71d0bb083aaf,3eb9e753-9c15-4c10-b707-a789c06740b0,11393531-e33a-4a41-a5d9-518cd668ba71,â€©testâ€©,2025-09-08 00:00:00
faf066c5-a7b1-4547-874c-615e23d1de4e,14629463-c5c8-427f-b01e-4dd039501452,19bbe416-4c3e-4fc7-a43d-a3348f55a09e,"ãƒ½à¼¼àºˆÙ„Íœàºˆà¼½ï¾‰ ãƒ½à¼¼àºˆÙ„Íœàºˆà¼½ï¾‰ ",2025-11-12 00:00:00
feb3fbe2-f56a-47f1-9913-cba26137b665,cf38a17e-f544-4c1d-84c1-8d4567b4ef10,d3a5488c-25f9-4dad-93b7-df54b25937b8,â€©testâ€©,2025-05-13 00:00:00